data,model,scale,rho,path_id,logical_path,status,U_rank_fraction,U_rank,U_rank_low_fraction,U_rank_high_fraction,U_loss1,U_loss2,U_J,wrong_rank_low_both_fraction,wrong_rank_low_both,wrong_rank_low_group2_fraction,wrong_rank_low_group2,low_both_ambiguity_min_fraction,low_both_ambiguity_max_fraction,ambiguity_nodes,wrong_low_both_nodes,wrong_low_group2_nodes,final_d1,final_d2,final_beta,final_L1,final_L2,final_J,final_alpha,final_gamma,final_c,final_v,final_o,first_tau,max_contiguous_nodes,max_observed_span_tau,start_tau,end_tau,classification,L1_first_grid_hit,L1_persistence_from_first,L2_first_grid_hit,L2_persistence_from_first,VO_invariant_max_scaled_drift,min_query_radius,max_c_l1,max_c_l2,max_c_abs
STRONG,H1_FIXED_VO,FIXED,0.1,STRONG_H1_FIXED_VO_FIXED_SLOW,STRONG_H1_FIXED_VO_FIXED_SLOW_RHO0.1,COMPLETE_HORIZON,97/800,0.12125,97/800,97/800,0.038036745825387845,0.1782716104725682,0.04504848905774686,0,0.0,0,0.0,0,0,0,0,0,1.9995700602291115,1.9478756989147352,1.0,0.028440204555404698,0.031142680496225573,0.028575328352445743,"[0.8807519296688523, 0.8752148236042727]","[0.11924807033114775, 0.12478517639572738]",[1.0],[2.0],[0.5],,0,0.0,,,NOT_OBSERVED,1.3,True,10.8,True,0.0,0.45147720766947996,1.0,1.0,1.0
STRONG,H1_FIXED_VO,FIXED,0.003,STRONG_H1_FIXED_VO_FIXED_SLOW,STRONG_H1_FIXED_VO_FIXED_SLOW_RHO0.003,COMPLETE_HORIZON,97/800,0.12125,97/800,97/800,0.038036745825387845,0.1782716104725682,0.04504848905774686,0,0.0,0,0.0,0,0,0,0,0,1.9995700602291115,1.9478756989147352,1.0,0.028440204555404698,0.031142680496225573,0.028575328352445743,"[0.8807519296688523, 0.8752148236042727]","[0.11924807033114775, 0.12478517639572738]",[1.0],[2.0],[0.5],,0,0.0,,,NOT_OBSERVED,1.3,True,10.8,True,0.0,0.45147720766947996,1.0,1.0,1.0
STRONG,H1_FIXED_VO,JOINT,0.1,STRONG_H1_FIXED_VO_JOINT_0.1,STRONG_H1_FIXED_VO_JOINT_0.1,COMPLETE_HORIZON,91/800,0.11375,91/800,91/800,0.0048075452424043855,0.1676311589063805,0.012948725925603193,0,0.0,0,0.0,0,0,0,0,0,1.6871655090187285,1.1472652965848549,2.9081929800188986,0.00010784675272345291,0.0023586172737452954,0.00022038527877454506,"[0.992656746200646, 0.965658936579182]","[0.007343253799353949, 0.03434106342081809]",[1.0],[2.0],[0.5],,0,0.0,,,NOT_OBSERVED,0.5,True,6.7,True,0.0,0.708558234450352,1.0,1.0,1.0
STRONG,H1_FIXED_VO,JOINT,0.003,STRONG_H1_FIXED_VO_JOINT_0.003,STRONG_H1_FIXED_VO_JOINT_0.003,COMPLETE_HORIZON,1,1.0,1,1,0.0009630193395860162,1.9981111241937086,0.10082042458229215,0,0.0,0,0.0,0,0,0,0,0,0.8204783130991602,-1.263977802109193,6.793138808460209,2.8612182168882247e-05,1.9992536845676685,0.09998986580144387,"[0.9962176606333591, 0.00018659626716636648]","[0.003782339366640879, 0.9998134037328336]",[1.0],[2.0],[0.5],,0,0.0,,,NOT_OBSERVED,0.1,True,,,0.0,0.8658624126597773,1.0,1.0,1.0
WEAK,H1_FIXED_VO,FIXED,0.1,WEAK_H1_FIXED_VO_FIXED_SLOW,WEAK_H1_FIXED_VO_FIXED_SLOW_RHO0.1,COMPLETE_HORIZON,7/800,0.00875,7/800,7/800,0.038366728620883916,0.07950590962198532,0.040423687670938985,0,0.0,0,0.0,0,0,0,0,0,1.9991467360427015,1.9859619910515964,1.0,0.028461419424873485,0.029129603150549025,0.028494828611157264,"[0.8807074616229634, 0.8793152802742844]","[0.11929253837703657, 0.12068471972571546]",[1.0],[2.0],[0.5],,0,0.0,,,NOT_OBSERVED,1.3,True,7.6,True,0.0,0.34538101075705574,1.0,1.0,1.0
WEAK,H1_FIXED_VO,FIXED,0.003,WEAK_H1_FIXED_VO_FIXED_SLOW,WEAK_H1_FIXED_VO_FIXED_SLOW_RHO0.003,COMPLETE_HORIZON,7/800,0.00875,7/800,7/800,0.038366728620883916,0.07950590962198532,0.040423687670938985,0,0.0,0,0.0,0,0,0,0,0,1.9991467360427015,1.9859619910515964,1.0,0.028461419424873485,0.029129603150549025,0.028494828611157264,"[0.8807074616229634, 0.8793152802742844]","[0.11929253837703657, 0.12068471972571546]",[1.0],[2.0],[0.5],,0,0.0,,,NOT_OBSERVED,1.3,True,7.6,True,0.0,0.34538101075705574,1.0,1.0,1.0
WEAK,H1_FIXED_VO,JOINT,0.1,WEAK_H1_FIXED_VO_JOINT_0.1,WEAK_H1_FIXED_VO_JOINT_0.1,COMPLETE_HORIZON,7/800,0.00875,7/800,7/800,0.004245580825641654,0.026240963497700828,0.005345349959244612,0,0.0,0,0.0,0,0,0,0,0,1.484784010558669,1.1162964173563814,3.1928540831459475,0.00014988541286753635,0.0015169559399145272,0.00021823893921988589,"[0.9913430544397133, 0.9724595212467673]","[0.008656945560286695, 0.027540478753232754]",[1.0],[2.0],[0.5],,0,0.0,,,NOT_OBSERVED,0.5,True,2.5,True,0.0,0.7091788304489562,1.0,1.0,1.0
WEAK,H1_FIXED_VO,JOINT,0.003,WEAK_H1_FIXED_VO_JOINT_0.003,WEAK_H1_FIXED_VO_JOINT_0.003,COMPLETE_HORIZON,1/160,0.00625,1/160,1/160,0.0008334430234069864,0.010197094656430957,0.0013016256050581848,0,0.0,0,0.0,0,0,0,0,0,0.8035893022460844,0.562458229241659,7.731675822384717,7.992245168698554e-06,0.00032554082762697415,2.3869674291612334e-05,"[0.9980009695889384, 0.987241849122483]","[0.0019990304110616528, 0.012758150877517006]",[1.0],[2.0],[0.5],,0,0.0,,,NOT_OBSERVED,0.1,True,0.9,True,0.0,0.9051114173545584,1.0,1.0,1.0
STRONG,H1_TRAIN_VO,FIXED,0.1,STRONG_H1_TRAIN_VO_FIXED_SLOW,STRONG_H1_TRAIN_VO_FIXED_SLOW_RHO0.1,COMPLETE_HORIZON,89/800,0.11125,89/800,89/800,0.026941090454955133,0.16937697246395397,0.03406288455540507,0,0.0,0,0.0,0,0,0,0,0,1.996298161470661,1.9108203726353423,1.0,0.018117577535098267,0.02146884858514933,0.01828514108760082,"[0.9822410052186518, 0.9718691325571399]","[0.13342486889427438, 0.1437967415557862]",[1.1156658741129262],[2.014154729309625],[0.553912694927531],,0,0.0,,,NOT_OBSERVED,1.0,True,9.8,True,2.6507918667113317e-12,0.48852302953117643,1.1565488985069514,1.1565488985069514,1.1565488985069514
STRONG,H1_TRAIN_VO,FIXED,0.003,STRONG_H1_TRAIN_VO_FIXED_SLOW,STRONG_H1_TRAIN_VO_FIXED_SLOW_RHO0.003,COMPLETE_HORIZON,89/800,0.11125,89/800,89/800,0.026941090454955133,0.16937697246395397,0.03406288455540507,0,0.0,0,0.0,0,0,0,0,0,1.996298161470661,1.9108203726353423,1.0,0.018117577535098267,0.02146884858514933,0.01828514108760082,"[0.9822410052186518, 0.9718691325571399]","[0.13342486889427438, 0.1437967415557862]",[1.1156658741129262],[2.014154729309625],[0.553912694927531],,0,0.0,,,NOT_OBSERVED,1.0,True,9.8,True,2.6507918667113317e-12,0.48852302953117643,1.1565488985069514,1.1565488985069514,1.1565488985069514
STRONG,H1_TRAIN_VO,JOINT,0.1,STRONG_H1_TRAIN_VO_JOINT_0.1,STRONG_H1_TRAIN_VO_JOINT_0.1,COMPLETE_HORIZON,87/800,0.10875,87/800,87/800,0.004295756225633374,0.16707075722824383,0.012434506275763896,0,0.0,0,0.0,0,0,0,0,0,1.6655653241267812,1.1562237771463366,2.755274667208786,0.00010521421275152716,0.002436224347316038,0.0002217647194797527,"[1.001295438836614, 0.9713083589243641]","[0.010175266629043183, 0.04016234654129314]",[1.011470705465657],[2.0013550462387775],[0.5053929373334094],,0,0.0,,,NOT_OBSERVED,0.5,True,6.7,True,5.849075609818867e-12,0.7229834185075534,1.1201303272691228,1.1201303272691228,1.1201303272691228
STRONG,H1_TRAIN_VO,JOINT,0.003,STRONG_H1_TRAIN_VO_JOINT_0.003,STRONG_H1_TRAIN_VO_JOINT_0.003,COMPLETE_HORIZON,1,1.0,1,1,0.00330697938138843,1.9085102355625632,0.09856714219044717,0,0.0,0,0.0,0,0,0,0,0,0.8996110627378732,-1.2650809778805014,8.12561867102125,0.0025061189890864515,1.9034717820209341,0.09755440214067884,"[0.9499428801157186, 3.2629795952546774e-05]","[0.0006354037906167971, 0.9505456541103828]",[0.9505782839063354],[1.994290615944286],[0.4766498304241589],,0,0.0,,,NOT_OBSERVED,0.1,True,,,1.0667490282924662e-13,0.8447821682097614,1.0474275674356273,1.0474275674356273,1.0474275674356273
STRONG,H3_TRAIN_VO,FIXED,0.1,STRONG_H3_TRAIN_VO_FIXED_SLOW,STRONG_H3_TRAIN_VO_FIXED_SLOW_RHO0.1,COMPLETE_HORIZON,101/800,0.12625,101/800,101/800,0.003198262563058194,0.21070108412701186,0.013573403641255878,0,0.0,0,0.0,0,0,0,0,0,1.5322582169721484,1.100890591275469,1.0,1.526414128946558e-05,0.004837366765917383,0.0002563692725208615,"[1.0024789417216287, 0.9505502194146224]","[-0.0030197664198134523, 0.04890895588719291]","[-0.3477277108757331, 0.7693685046292434, 0.5778183815483049]","[2.0074868832518513, 1.9752746314611807, 2.0203454850731366]","[-0.17321543357357447, 0.38949951180212056, 0.28599978855962244]",,0,0.0,,,NOT_OBSERVED,0.4,True,6.8,True,1.4365575395913766e-11,0.7630083966398705,1.8724257598090959,1.1338628413289806,1.0037898301860961
STRONG,H3_TRAIN_VO,FIXED,0.003,STRONG_H3_TRAIN_VO_FIXED_SLOW,STRONG_H3_TRAIN_VO_FIXED_SLOW_RHO0.003,COMPLETE_HORIZON,101/800,0.12625,101/800,101/800,0.003198262563058194,0.21070108412701186,0.013573403641255878,0,0.0,0,0.0,0,0,0,0,0,1.5322582169721484,1.100890591275469,1.0,1.526414128946558e-05,0.004837366765917383,0.0002563692725208615,"[1.0024789417216287, 0.9505502194146224]","[-0.0030197664198134523, 0.04890895588719291]","[-0.3477277108757331, 0.7693685046292434, 0.5778183815483049]","[2.0074868832518513, 1.9752746314611807, 2.0203454850731366]","[-0.17321543357357447, 0.38949951180212056, 0.28599978855962244]",,0,0.0,,,NOT_OBSERVED,0.4,True,6.8,True,1.4365575395913766e-11,0.7630083966398705,1.8724257598090959,1.1338628413289806,1.0037898301860961
STRONG,H3_TRAIN_VO,JOINT,0.1,STRONG_H3_TRAIN_VO_JOINT_0.1,STRONG_H3_TRAIN_VO_JOINT_0.1,COMPLETE_HORIZON,109/800,0.13625,109/800,109/800,0.0025948549794373326,0.23633161327481772,0.014281692894206353,0,0.0,0,0.0,0,0,0,0,0,1.502072494952565,1.0478114191013455,1.6099770785002303,1.6431846668386072e-05,0.004436697133319015,0.00023744511100091755,"[1.0024075758085123, 0.9524757739861867]","[-0.003261199993047526, 0.046670601829278055]","[-0.18835070141475935, 0.7734245271176975, 0.4140725501125266]","[2.002211132380442, 1.9756652210974663, 2.01057560824673]","[-0.0940713486048936, 0.3914754984086152, 0.20594726625257714]",,0,0.0,,,NOT_OBSERVED,0.3,True,7.0,True,2.3522517267338117e-12,0.7769029072528131,1.577289695295438,1.0521571737248472,1.0040769729569865
STRONG,H3_TRAIN_VO,JOINT,0.003,STRONG_H3_TRAIN_VO_JOINT_0.003,STRONG_H3_TRAIN_VO_JOINT_0.003,COMPLETE_HORIZON,1,1.0,1,1,0.0037938426031733385,1.8830882975840237,0.09775856535221586,0,0.0,0,0.0,0,0,0,0,0,0.5246644639358945,-1.548906165905935,10.556668441096104,0.0038081163046484756,1.8474173534499383,0.09598857816191297,"[0.9516405230797019, -0.003466271981501829]","[-0.03833376183788432, 0.9167730332233194]","[-0.2100950941158828, 0.9549158958267577, 0.1684859595309427]","[2.002749288160031, 1.9947831999623744, 2.001770299684369]","[-0.1049033422994756, 0.4787066062340857, 0.08416847805040813]",,0,0.0,,,NOT_OBSERVED,0.1,True,,,2.604139126560767e-13,0.8941224022592159,1.3334969494735833,1.0144827174624094,1.008217455990461
WEAK,H1_TRAIN_VO,FIXED,0.1,WEAK_H1_TRAIN_VO_FIXED_SLOW,WEAK_H1_TRAIN_VO_FIXED_SLOW_RHO0.1,COMPLETE_HORIZON,7/800,0.00875,7/800,7/800,0.027325842187260755,0.06697360754759334,0.029308230455277383,0,0.0,0,0.0,0,0,0,0,0,1.995191001035337,1.961361442872323,1.0,0.018156901602287605,0.019410291731945827,0.018219571108770514,"[0.981989615271919, 0.9779614183891516]","[0.1335384875016716, 0.13756668438443884]",[1.1155281027735906],[2.0141372415768517],[0.5538491021099697],,0,0.0,,,NOT_OBSERVED,1.0,True,6.4,True,2.0564602652341006e-12,0.37160177207459555,1.1943020883443751,1.1943020883443751,1.1943020883443751
WEAK,H1_TRAIN_VO,FIXED,0.003,WEAK_H1_TRAIN_VO_FIXED_SLOW,WEAK_H1_TRAIN_VO_FIXED_SLOW_RHO0.003,COMPLETE_HORIZON,7/800,0.00875,7/800,7/800,0.027325842187260755,0.06697360754759334,0.029308230455277383,0,0.0,0,0.0,0,0,0,0,0,1.995191001035337,1.961361442872323,1.0,0.018156901602287605,0.019410291731945827,0.018219571108770514,"[0.981989615271919, 0.9779614183891516]","[0.1335384875016716, 0.13756668438443884]",[1.1155281027735906],[2.0141372415768517],[0.5538491021099697],,0,0.0,,,NOT_OBSERVED,1.0,True,6.4,True,2.0564602652341006e-12,0.37160177207459555,1.1943020883443751,1.1943020883443751,1.1943020883443751
WEAK,H1_TRAIN_VO,JOINT,0.1,WEAK_H1_TRAIN_VO_JOINT_0.1,WEAK_H1_TRAIN_VO_JOINT_0.1,COMPLETE_HORIZON,7/800,0.00875,7/800,7/800,0.0038253109818291485,0.02554673491454676,0.004911382178465029,0,0.0,0,0.0,0,0,0,0,0,1.4316540460438518,1.1115121693959962,3.0548590369125432,0.000159849784080914,0.0014586333975231368,0.00022478896475302515,"[1.0008095315464858, 0.9805552599951888]","[0.01261722801395613, 0.032871499565253065]",[1.0134267595604418],[2.0015872205766496],[0.5063115657125735],,0,0.0,,,NOT_OBSERVED,0.4,True,2.4,True,1.3232736543949087e-11,0.7324931982436788,1.166762913218637,1.166762913218637,1.166762913218637
WEAK,H1_TRAIN_VO,JOINT,0.003,WEAK_H1_TRAIN_VO_JOINT_0.003,WEAK_H1_TRAIN_VO_JOINT_0.003,COMPLETE_HORIZON,1/160,0.00625,1/160,1/160,0.0007976260962852038,0.010292828844547668,0.001272386233698327,0,0.0,0,0.0,0,0,0,0,0,0.77368347090247,0.5693721186257269,7.4592085305331715,1.0006055467303404e-05,0.0003107492826818404,2.5043216828030256e-05,"[1.0005325011136208, 0.9894947275060715]","[0.0031180920498433116, 0.014155865657392675]",[1.003650593163464],[2.0004300451477657],[0.5017174160115794],,0,0.0,,,NOT_OBSERVED,0.1,True,0.9,True,1.759528195658564e-13,0.9141014929534111,1.0891538368345188,1.0891538368345188,1.0891538368345188
WEAK,H3_TRAIN_VO,FIXED,0.1,WEAK_H3_TRAIN_VO_FIXED_SLOW,WEAK_H3_TRAIN_VO_FIXED_SLOW_RHO0.1,COMPLETE_HORIZON,7/800,0.00875,7/800,7/800,0.0025031450096979803,0.019507513614347972,0.00335336343993048,0,0.0,0,0.0,0,0,0,0,0,0.999434136693543,0.9021785892418321,1.0,1.5822016289563216e-06,0.00062753524635739,3.287985386537801e-05,"[1.0008906883540718, 0.9822877637532027]","[-0.0008881868524568577, 0.017714737748412347]","[-0.5263308966524507, 0.8049196690140255, 0.7214137291400401]","[2.0169523447467084, 1.9787548355017692, 2.031288289378224]","[-0.26095356096207023, 0.40678089805395995, 0.35515083354360516]",,0,0.0,,,NOT_OBSERVED,0.4,True,1.6,True,1.9597301559315382e-11,0.8351523601393142,2.0813199785427363,1.2192312638854292,1.0159264988326402
WEAK,H3_TRAIN_VO,FIXED,0.003,WEAK_H3_TRAIN_VO_FIXED_SLOW,WEAK_H3_TRAIN_VO_FIXED_SLOW_RHO0.003,COMPLETE_HORIZON,7/800,0.00875,7/800,7/800,0.0025031450096979803,0.019507513614347972,0.00335336343993048,0,0.0,0,0.0,0,0,0,0,0,0.999434136693543,0.9021785892418321,1.0,1.5822016289563216e-06,0.00062753524635739,3.287985386537801e-05,"[1.0008906883540718, 0.9822877637532027]","[-0.0008881868524568577, 0.017714737748412347]","[-0.5263308966524507, 0.8049196690140255, 0.7214137291400401]","[2.0169523447467084, 1.9787548355017692, 2.031288289378224]","[-0.26095356096207023, 0.40678089805395995, 0.35515083354360516]",,0,0.0,,,NOT_OBSERVED,0.4,True,1.6,True,1.9597301559315382e-11,0.8351523601393142,2.0813199785427363,1.2192312638854292,1.0159264988326402
WEAK,H3_TRAIN_VO,JOINT,0.1,WEAK_H3_TRAIN_VO_JOINT_0.1,WEAK_H3_TRAIN_VO_JOINT_0.1,COMPLETE_HORIZON,7/800,0.00875,7/800,7/800,0.001877725759725883,0.0160714629777068,0.002587412620624929,0,0.0,0,0.0,0,0,0,0,0,0.8476991391689401,0.7736012820549603,1.7757845877654899,1.0629702122766202e-06,0.0004254250938801321,2.2281076395669395e-05,"[1.0007366507816218, 0.9854229945797026]","[-0.0007213292162477597, 0.014592326985671332]","[-0.38860277857878295, 0.8597861137364424, 0.5288319864077146]","[2.00932906179345, 1.9843715657829888, 2.017110483494979]","[-0.19339927240784097, 0.433278791412832, 0.26217303947150444]",,0,0.0,,,NOT_OBSERVED,0.3,True,1.2,True,4.4667380905139e-12,0.8677344875452402,1.8048074186232332,1.1077588544815709,1.017190436241958
WEAK,H3_TRAIN_VO,JOINT,0.003,WEAK_H3_TRAIN_VO_JOINT_0.003,WEAK_H3_TRAIN_VO_JOINT_0.003,COMPLETE_HORIZON,1/160,0.00625,1/160,1/160,0.0006939828725796734,0.009325199724157414,0.0011255437151585605,0,0.0,0,0.0,0,0,0,0,0,0.5894359725108438,0.5410127346991139,5.518816893066049,3.985669855237645e-07,0.0001366067033965239,7.208973806073771e-06,"[1.0004308062664493, 0.9917200882311732]","[-0.0004614899200543591, 0.00824922811522184]","[-0.11763505386901178, 0.9585137258660622, 0.1590906443493445]","[2.0008639420513457, 1.9951930314747028, 2.001578747049244]","[-0.058792130437619265, 0.48041152447169383, 0.07948258072977553]",,0,0.0,,,NOT_OBSERVED,0.1,True,0.7,True,2.5215385335286553e-13,0.9354624770445717,1.3029243658293854,1.0373873581303876,1.0303606259848943
