path_id,loss,coordinate,rho,joint_status,fixed_status,joint_event,fixed_slow_T0,same_event,joint_log_T0,ratio,log_ratio,ratio_lower_bound,fixed_T0,log_ratio_lower_bound
A_SQUARED_COPY_DIRECT_0.1,SQUARED_COPY,DIRECT,0.1,COMPLETE_EVENT,COMPLETE_EVENT,True,16.204442301521983,d2=0,4.806071826816503,0.7544255449400742,-0.2817986869688385,,162.04442301521982,
A_SQUARED_COPY_DIRECT_0.05,SQUARED_COPY,DIRECT,0.05,COMPLETE_EVENT,COMPLETE_EVENT,True,16.204442301521983,d2=0,5.6199933934143385,0.8512713841686715,-0.161024300930948,,324.08884603043964,
A_SQUARED_COPY_DIRECT_0.03,SQUARED_COPY,DIRECT,0.03,COMPLETE_EVENT,COMPLETE_EVENT,True,16.204442301521983,d2=0,6.301791158725784,1.0099974848620834,0.009947840614506376,,540.1480767173995,
A_SQUARED_COPY_DIRECT_0.02,SQUARED_COPY,DIRECT,0.02,COMPLETE_EVENT,COMPLETE_EVENT,True,16.204442301521983,d2=0,6.922215095460411,1.252205841416301,0.22490666924096914,,810.2221150760992,
A_SQUARED_COPY_DIRECT_0.015,SQUARED_COPY,DIRECT,0.015,COMPLETE_EVENT,COMPLETE_EVENT,True,16.204442301521983,d2=0,7.426067686479114,1.5543806769490396,0.44107718780789096,,1080.296153434799,
A_SQUARED_COPY_DIRECT_0.01,SQUARED_COPY,DIRECT,0.01,COMPLETE_EVENT,COMPLETE_EVENT,True,16.204442301521983,d2=0,8.266606832085493,2.401638530160241,0.8761512253061063,,1620.4442301521983,
A_SQUARED_COPY_DIRECT_0.003,SQUARED_COPY,DIRECT,0.003,COMPLETE_EVENT,COMPLETE_EVENT,True,16.204442301521983,d2=0,12.293473080970644,40.40868228270027,3.699044669865321,,5401.4807671739945,
A_SQUARED_COPY_DIRECT_0.001,SQUARED_COPY,DIRECT,0.001,COMPLETE_EVENT,COMPLETE_EVENT,True,16.204442301521983,d2=0,19.14313939717484,12709.41958845246,9.450098697401407,,16204.442301521982,
A_SQUARED_COPY_DIRECT_0.0001,SQUARED_COPY,DIRECT,0.0001,COMPLETE_EVENT,COMPLETE_EVENT,True,16.204442301521983,d2=0,54.255329073816256,2.2550487856516826e+18,42.25970328104878,,162044.42301521983,
A_SQUARED_COPY_LOG_0.1,SQUARED_COPY,LOG,0.1,COMPLETE_EVENT,COMPLETE_EVENT,True,16.204442301521983,d2=0,5.098638976813107,1.0108266516053723,0.010768463027766018,,162.04442301521982,
A_SQUARED_COPY_LOG_0.05,SQUARED_COPY,LOG,0.05,COMPLETE_EVENT,COMPLETE_EVENT,True,16.204442301521983,d2=0,7.021805661651113,3.458337448258509,1.2407879673058266,,324.08884603043964,
A_SQUARED_COPY_LOG_0.03,SQUARED_COPY,LOG,0.03,COMPLETE_EVENT,COMPLETE_EVENT,True,16.204442301521983,d2=0,12.23687914843428,381.85304297042507,5.945035830323002,,540.1480767173995,
A_SQUARED_COPY_LOG_0.02,SQUARED_COPY,LOG,0.02,COMPLETE_EVENT,COMPLETE_EVENT,True,16.204442301521983,d2=0,28.530087370521954,3032881347.265349,21.83277894430251,,810.2221150760992,
A_SQUARED_COPY_LOG_0.015,SQUARED_COPY,LOG,0.015,COMPLETE_EVENT,COMPLETE_EVENT,True,16.204442301521983,d2=0,75.23824011440077,4.385404723823666e+29,68.25324961572954,,1080.296153434799,
A_SQUARED_COPY_LOG_0.01,SQUARED_COPY,LOG,0.01,RIGHT_CENSORED_PHYSICAL_HORIZON,COMPLETE_EVENT,False,16.204442301521983,d2=0,,,,1.1986999361643263e+127,1620.4442301521983,292.60954439322063
A_SQUARED_COPY_LOG_0.003,SQUARED_COPY,LOG,0.003,RIGHT_CENSORED_PHYSICAL_HORIZON,COMPLETE_EVENT,False,16.204442301521983,d2=0,,,,3.5960998084930045e+126,5401.4807671739945,291.4055715888947
A_SQUARED_COPY_LOG_0.001,SQUARED_COPY,LOG,0.001,RIGHT_CENSORED_PHYSICAL_HORIZON,COMPLETE_EVENT,False,16.204442301521983,d2=0,,,,1.1986999361643377e+126,16204.442301521982,290.3069593002266
A_SQUARED_COPY_LOG_0.0001,SQUARED_COPY,LOG,0.0001,RIGHT_CENSORED_PHYSICAL_HORIZON,COMPLETE_EVENT,False,16.204442301521983,d2=0,,,,1.198699936164281e+125,162044.42301521983,288.0043742072325
A_LOGISTIC_VALUE_DIRECT_0.1,LOGISTIC_VALUE,DIRECT,0.1,COMPLETE_EVENT,COMPLETE_EVENT,True,74.76607508552888,d2=0,6.968801185921167,1.4216978870790005,0.3518518524651215,,747.6607508552888,
A_LOGISTIC_VALUE_DIRECT_0.05,LOGISTIC_VALUE,DIRECT,0.05,COMPLETE_EVENT,COMPLETE_EVENT,True,74.76607508552888,d2=0,8.501100071202364,3.2903816371589927,1.1910035571863729,,1495.3215017105776,
A_LOGISTIC_VALUE_DIRECT_0.03,LOGISTIC_VALUE,DIRECT,0.03,COMPLETE_EVENT,COMPLETE_EVENT,True,74.76607508552888,d2=0,10.03865699416508,9.186498542152599,2.2177348563830988,,2492.202502850963,
A_LOGISTIC_VALUE_DIRECT_0.02,LOGISTIC_VALUE,DIRECT,0.02,COMPLETE_EVENT,COMPLETE_EVENT,True,74.76607508552888,d2=0,11.591310401091498,28.93127399570176,3.3649231552013514,,3738.303754276444,
A_LOGISTIC_VALUE_DIRECT_0.015,LOGISTIC_VALUE,DIRECT,0.015,COMPLETE_EVENT,COMPLETE_EVENT,True,74.76607508552888,d2=0,12.911321782576437,81.22738664319257,4.3972524642345086,,4984.405005701926,
A_LOGISTIC_VALUE_DIRECT_0.01,LOGISTIC_VALUE,DIRECT,0.01,COMPLETE_EVENT,COMPLETE_EVENT,True,74.76607508552888,d2=0,15.140132454626277,503.0039526279826,6.220598028176186,,7476.607508552888,
A_LOGISTIC_VALUE_DIRECT_0.003,LOGISTIC_VALUE,DIRECT,0.003,COMPLETE_EVENT,COMPLETE_EVENT,True,74.76607508552888,d2=0,25.226660931485853,3624234.6781410594,15.103153700709825,,24922.025028509626,
A_LOGISTIC_VALUE_DIRECT_0.001,LOGISTIC_VALUE,DIRECT,0.001,COMPLETE_EVENT,COMPLETE_EVENT,True,74.76607508552888,d2=0,41.49241935354305,14003099782887.066,30.270299834098914,,74766.07508552888,
A_LOGISTIC_VALUE_DIRECT_0.0001,LOGISTIC_VALUE,DIRECT,0.0001,COMPLETE_EVENT,COMPLETE_EVENT,True,74.76607508552888,d2=0,124.38027566625135,1.3930374656585385e+48,110.85557105381316,,747660.7508552888,
A_LOGISTIC_VALUE_LOG_0.1,LOGISTIC_VALUE,LOG,0.1,COMPLETE_EVENT,COMPLETE_EVENT,True,74.76607508552888,d2=0,36.24702144479122,7382047177027.658,29.630072111335178,,747.6607508552888,
A_LOGISTIC_VALUE_LOG_0.05,LOGISTIC_VALUE,LOG,0.05,RIGHT_CENSORED_PHYSICAL_HORIZON,COMPLETE_EVENT,False,74.76607508552888,d2=0,,,,1.2990025175316682e+127,1495.3215017105776,292.689903485984
A_LOGISTIC_VALUE_LOG_0.03,LOGISTIC_VALUE,LOG,0.03,RIGHT_CENSORED_PHYSICAL_HORIZON,COMPLETE_EVENT,False,74.76607508552888,d2=0,,,,7.79401510519008e+126,2492.202502850963,292.17907786221804
A_LOGISTIC_VALUE_LOG_0.02,LOGISTIC_VALUE,LOG,0.02,RIGHT_CENSORED_PHYSICAL_HORIZON,COMPLETE_EVENT,False,74.76607508552888,d2=0,,,,5.196010070126742e+126,3738.303754276444,291.7736127541099
A_LOGISTIC_VALUE_LOG_0.015,LOGISTIC_VALUE,LOG,0.015,RIGHT_CENSORED_PHYSICAL_HORIZON,COMPLETE_EVENT,False,74.76607508552888,d2=0,,,,3.897007552595033e+126,4984.405005701926,291.4859306816581
A_LOGISTIC_VALUE_LOG_0.01,LOGISTIC_VALUE,LOG,0.01,RIGHT_CENSORED_PHYSICAL_HORIZON,COMPLETE_EVENT,False,74.76607508552888,d2=0,,,,2.598005035063366e+126,7476.607508552888,291.08046557354993
A_LOGISTIC_VALUE_LOG_0.003,LOGISTIC_VALUE,LOG,0.003,RIGHT_CENSORED_PHYSICAL_HORIZON,COMPLETE_EVENT,False,74.76607508552888,d2=0,,,,7.794015105190155e+125,24922.025028509626,289.876492769224
A_LOGISTIC_VALUE_LOG_0.001,LOGISTIC_VALUE,LOG,0.001,RIGHT_CENSORED_PHYSICAL_HORIZON,COMPLETE_EVENT,False,74.76607508552888,d2=0,,,,2.5980050350632433e+125,74766.07508552888,288.77788048055584
A_LOGISTIC_VALUE_LOG_0.0001,LOGISTIC_VALUE,LOG,0.0001,RIGHT_CENSORED_PHYSICAL_HORIZON,COMPLETE_EVENT,False,74.76607508552888,d2=0,,,,2.598005035063268e+124,747660.7508552888,286.4752953875618
A_POINTER_CE_DIRECT_0.1,POINTER_CE,DIRECT,0.1,COMPLETE_EVENT,COMPLETE_EVENT,True,13.452844806182071,d2=0,3.985280520883591,0.3999182348890849,-0.9164951655465821,,134.5284480618207,
A_POINTER_CE_DIRECT_0.05,POINTER_CE,DIRECT,0.05,COMPLETE_EVENT,COMPLETE_EVENT,True,13.452844806182071,d2=0,4.563693091465037,0.3565681919954799,-1.0312297755250812,,269.0568961236414,
A_POINTER_CE_DIRECT_0.03,POINTER_CE,DIRECT,0.03,COMPLETE_EVENT,COMPLETE_EVENT,True,13.452844806182071,d2=0,5.004007461799253,0.33229204970619736,-1.101741028956857,,448.42816020606904,
A_POINTER_CE_DIRECT_0.02,POINTER_CE,DIRECT,0.02,COMPLETE_EVENT,COMPLETE_EVENT,True,13.452844806182071,d2=0,5.36227376185516,0.31697263396764846,-1.148939837009113,,672.6422403091035,
A_POINTER_CE_DIRECT_0.015,POINTER_CE,DIRECT,0.015,COMPLETE_EVENT,COMPLETE_EVENT,True,13.452844806182071,d2=0,5.62094967405196,0.30791053860824885,-1.1779459972640938,,896.8563204121381,
A_POINTER_CE_DIRECT_0.01,POINTER_CE,DIRECT,0.01,COMPLETE_EVENT,COMPLETE_EVENT,True,13.452844806182071,d2=0,5.991383956655179,0.29731091890245287,-1.2129768227690398,,1345.284480618207,
A_POINTER_CE_DIRECT_0.003,POINTER_CE,DIRECT,0.003,COMPLETE_EVENT,COMPLETE_EVENT,True,13.452844806182071,d2=0,7.124833213931227,0.277065768430818,-1.2835003698189276,,4484.281602060691,
A_POINTER_CE_DIRECT_0.001,POINTER_CE,DIRECT,0.001,COMPLETE_EVENT,COMPLETE_EVENT,True,13.452844806182071,d2=0,8.189682526696778,0.2678673601711451,-1.3172633457214857,,13452.84480618207,
A_POINTER_CE_DIRECT_0.0001,POINTER_CE,DIRECT,0.0001,COMPLETE_EVENT,COMPLETE_EVENT,True,13.452844806182071,d2=0,10.465882485426581,0.26089207054863794,-1.3436484799857293,,134528.4480618207,
A_POINTER_CE_LOG_0.1,POINTER_CE,LOG,0.1,COMPLETE_EVENT,COMPLETE_EVENT,True,13.452844806182071,d2=0,3.8037814902777716,0.3335394278580831,-1.0979941961524013,,134.5284480618207,
A_POINTER_CE_LOG_0.05,POINTER_CE,LOG,0.05,COMPLETE_EVENT,COMPLETE_EVENT,True,13.452844806182071,d2=0,4.408354243394486,0.30526695478713495,-1.1865686235956323,,269.0568961236414,
A_POINTER_CE_LOG_0.03,POINTER_CE,LOG,0.03,COMPLETE_EVENT,COMPLETE_EVENT,True,13.452844806182071,d2=0,4.871944392516204,0.2911827802281723,-1.233804098239906,,448.42816020606904,
A_POINTER_CE_LOG_0.02,POINTER_CE,LOG,0.02,COMPLETE_EVENT,COMPLETE_EVENT,True,13.452844806182071,d2=0,5.2488865636284645,0.28299472099641176,-1.262327035235809,,672.6422403091035,
A_POINTER_CE_LOG_0.015,POINTER_CE,LOG,0.015,COMPLETE_EVENT,COMPLETE_EVENT,True,13.452844806182071,d2=0,5.520319736260132,0.2784335256841854,-1.2785759350559225,,896.8563204121381,
A_POINTER_CE_LOG_0.01,POINTER_CE,LOG,0.01,COMPLETE_EVENT,COMPLETE_EVENT,True,13.452844806182071,d2=0,5.907507230615396,0.27339065148837227,-1.2968535488088229,,1345.284480618207,
A_POINTER_CE_LOG_0.003,POINTER_CE,LOG,0.003,COMPLETE_EVENT,COMPLETE_EVENT,True,13.452844806182071,d2=0,7.079428776287968,0.2647670734939292,-1.3289048074621865,,4484.281602060691,
A_POINTER_CE_LOG_0.001,POINTER_CE,LOG,0.001,COMPLETE_EVENT,COMPLETE_EVENT,True,13.452844806182071,d2=0,8.165335026456615,0.2614242150819843,-1.3416108459616485,,13452.84480618207,
A_POINTER_CE_LOG_0.0001,POINTER_CE,LOG,0.0001,COMPLETE_EVENT,COMPLETE_EVENT,True,13.452844806182071,d2=0,10.459985535217886,0.25935813022871756,-1.349545430194425,,134528.4480618207,
