path_id,loss,coordinate,rho,status,event,log1p_T0,log_T0,T0,censor_q
A_SQUARED_COPY_DIRECT_0.1,SQUARED_COPY,DIRECT,0.1,COMPLETE_EVENT,True,4.8142184813765745,4.806071826816503,122.2504521377571,
A_SQUARED_COPY_DIRECT_0.05,SQUARED_COPY,DIRECT,0.05,COMPLETE_EVENT,True,5.623611505202328,5.6199933934143385,275.88756055395964,
A_SQUARED_COPY_DIRECT_0.03,SQUARED_COPY,DIRECT,0.03,COMPLETE_EVENT,True,6.303622499404921,6.301791158725784,545.548198937665,
A_SQUARED_COPY_DIRECT_0.02,SQUARED_COPY,DIRECT,0.02,COMPLETE_EVENT,True,6.923200254256682,6.922215095460411,1014.564865342962,
A_SQUARED_COPY_DIRECT_0.015,SQUARED_COPY,DIRECT,0.015,COMPLETE_EVENT,True,7.426663033928102,7.426067686479114,1679.191466281427,
A_SQUARED_COPY_DIRECT_0.01,SQUARED_COPY,DIRECT,0.01,COMPLETE_EVENT,True,8.266863754785579,8.266606832085493,3891.721299109365,
A_SQUARED_COPY_DIRECT_0.003,SQUARED_COPY,DIRECT,0.003,COMPLETE_EVENT,True,12.293477662510645,12.293473080970644,218266.72017685004,
A_SQUARED_COPY_DIRECT_0.001,SQUARED_COPY,DIRECT,0.001,COMPLETE_EVENT,True,19.143139402030407,19.14313939717484,205949056.40691072,
A_SQUARED_COPY_DIRECT_0.0001,SQUARED_COPY,DIRECT,0.0001,COMPLETE_EVENT,True,54.255329073816256,54.255329073816256,3.654180793420985e+23,
A_SQUARED_COPY_LOG_0.1,SQUARED_COPY,LOG,0.1,COMPLETE_EVENT,True,5.104725466526254,5.098638976813107,163.7988215277991,
A_SQUARED_COPY_LOG_0.05,SQUARED_COPY,LOG,0.05,COMPLETE_EVENT,True,7.022697476868358,7.021805661651113,1120.8085927899551,
A_SQUARED_COPY_LOG_0.03,SQUARED_COPY,LOG,0.03,COMPLETE_EVENT,True,12.236883996738436,12.23687914843428,206257.1867491616,
A_SQUARED_COPY_LOG_0.02,SQUARED_COPY,LOG,0.02,COMPLETE_EVENT,True,28.530087370522363,28.530087370521954,2457307539956.188,
A_SQUARED_COPY_LOG_0.015,SQUARED_COPY,LOG,0.015,COMPLETE_EVENT,True,75.23824011440077,75.23824011440077,4.737535854401505e+32,
A_SQUARED_COPY_LOG_0.01,SQUARED_COPY,LOG,0.01,RIGHT_CENSORED_PHYSICAL_HORIZON,False,,,,300
A_SQUARED_COPY_LOG_0.003,SQUARED_COPY,LOG,0.003,RIGHT_CENSORED_PHYSICAL_HORIZON,False,,,,300
A_SQUARED_COPY_LOG_0.001,SQUARED_COPY,LOG,0.001,RIGHT_CENSORED_PHYSICAL_HORIZON,False,,,,300
A_SQUARED_COPY_LOG_0.0001,SQUARED_COPY,LOG,0.0001,RIGHT_CENSORED_PHYSICAL_HORIZON,False,,,,300
A_LOGISTIC_VALUE_DIRECT_0.1,LOGISTIC_VALUE,DIRECT,0.1,COMPLETE_EVENT,True,6.969741523715423,6.968801185921167,1062.9477097428626,
A_LOGISTIC_VALUE_DIRECT_0.05,LOGISTIC_VALUE,DIRECT,0.05,COMPLETE_EVENT,True,8.501303295213352,8.501100071202364,4920.178410877495,
A_LOGISTIC_VALUE_DIRECT_0.03,LOGISTIC_VALUE,DIRECT,0.03,COMPLETE_EVENT,True,10.038700671605227,10.03865699416508,22894.614659189436,
A_LOGISTIC_VALUE_DIRECT_0.02,LOGISTIC_VALUE,DIRECT,0.02,COMPLETE_EVENT,True,11.591319647133181,11.591310401091498,108153.89019413231,
A_LOGISTIC_VALUE_DIRECT_0.015,LOGISTIC_VALUE,DIRECT,0.015,COMPLETE_EVENT,True,12.911324252500831,12.911321782576437,404870.19258441543,
A_LOGISTIC_VALUE_DIRECT_0.01,LOGISTIC_VALUE,DIRECT,0.01,COMPLETE_EVENT,True,15.14013272052972,15.140132454626277,3760763.1290501542,
A_LOGISTIC_VALUE_DIRECT_0.003,LOGISTIC_VALUE,DIRECT,0.003,COMPLETE_EVENT,True,25.226660931496923,25.226660931485853,90323267357.82391,
A_LOGISTIC_VALUE_DIRECT_0.001,LOGISTIC_VALUE,DIRECT,0.001,COMPLETE_EVENT,True,41.49241935354305,41.49241935354305,1.0469568097974852e+18,
A_LOGISTIC_VALUE_DIRECT_0.0001,LOGISTIC_VALUE,DIRECT,0.0001,COMPLETE_EVENT,True,124.38027566625135,124.38027566625135,1.041519437543814e+54,
A_LOGISTIC_VALUE_LOG_0.1,LOGISTIC_VALUE,LOG,0.1,COMPLETE_EVENT,True,36.24702144479122,36.24702144479122,5519266935225657.0,
A_LOGISTIC_VALUE_LOG_0.05,LOGISTIC_VALUE,LOG,0.05,RIGHT_CENSORED_PHYSICAL_HORIZON,False,,,,300
A_LOGISTIC_VALUE_LOG_0.03,LOGISTIC_VALUE,LOG,0.03,RIGHT_CENSORED_PHYSICAL_HORIZON,False,,,,300
A_LOGISTIC_VALUE_LOG_0.02,LOGISTIC_VALUE,LOG,0.02,RIGHT_CENSORED_PHYSICAL_HORIZON,False,,,,300
A_LOGISTIC_VALUE_LOG_0.015,LOGISTIC_VALUE,LOG,0.015,RIGHT_CENSORED_PHYSICAL_HORIZON,False,,,,300
A_LOGISTIC_VALUE_LOG_0.01,LOGISTIC_VALUE,LOG,0.01,RIGHT_CENSORED_PHYSICAL_HORIZON,False,,,,300
A_LOGISTIC_VALUE_LOG_0.003,LOGISTIC_VALUE,LOG,0.003,RIGHT_CENSORED_PHYSICAL_HORIZON,False,,,,300
A_LOGISTIC_VALUE_LOG_0.001,LOGISTIC_VALUE,LOG,0.001,RIGHT_CENSORED_PHYSICAL_HORIZON,False,,,,300
A_LOGISTIC_VALUE_LOG_0.0001,LOGISTIC_VALUE,LOG,0.0001,RIGHT_CENSORED_PHYSICAL_HORIZON,False,,,,300
A_POINTER_CE_DIRECT_0.1,POINTER_CE,DIRECT,0.1,COMPLETE_EVENT,True,4.003697118952825,3.985280520883591,53.80037949125126,
A_POINTER_CE_DIRECT_0.05,POINTER_CE,DIRECT,0.05,COMPLETE_EVENT,True,4.5740626342986666,4.563693091465037,95.9371309947224,
A_POINTER_CE_DIRECT_0.03,POINTER_CE,DIRECT,0.03,COMPLETE_EVENT,True,5.010696042256741,5.004007461799253,149.00911250085375,
A_POINTER_CE_DIRECT_0.02,POINTER_CE,DIRECT,0.02,COMPLETE_EVENT,True,5.366953026509704,5.36227376185516,213.2091826286765,
A_POINTER_CE_DIRECT_0.015,POINTER_CE,DIRECT,0.015,COMPLETE_EVENT,True,5.624564333806227,5.62094967405196,276.15151267231346,
A_POINTER_CE_DIRECT_0.01,POINTER_CE,DIRECT,0.01,COMPLETE_EVENT,True,5.993881037835542,5.991383956655179,399.96776511780797,
A_POINTER_CE_DIRECT_0.003,POINTER_CE,DIRECT,0.003,COMPLETE_EVENT,True,7.125637757438859,7.124833213931227,1242.4409279351241,
A_POINTER_CE_DIRECT_0.001,POINTER_CE,DIRECT,0.001,COMPLETE_EVENT,True,8.189959990169953,8.189682526696778,3603.5780250240896,
A_POINTER_CE_DIRECT_0.0001,POINTER_CE,DIRECT,0.0001,COMPLETE_EVENT,True,10.465910977155353,10.465882485426581,35097.40536254329,
A_POINTER_CE_LOG_0.1,POINTER_CE,LOG,0.1,COMPLETE_EVENT,True,3.8258231157592477,3.8037814902777716,44.87054159717552,
A_POINTER_CE_LOG_0.05,POINTER_CE,LOG,0.05,COMPLETE_EVENT,True,4.420455921079484,4.408354243394486,82.13417934414252,
A_POINTER_CE_LOG_0.03,POINTER_CE,LOG,0.03,COMPLETE_EVENT,True,4.879573675136225,4.871944392516204,130.5745584214075,
A_POINTER_CE_LOG_0.02,POINTER_CE,LOG,0.02,COMPLETE_EVENT,True,5.254126177278111,5.2488865636284645,190.35420312667605,
A_POINTER_CE_LOG_0.015,POINTER_CE,LOG,0.015,COMPLETE_EVENT,True,5.524316306654771,5.520319736260132,249.714867324497,
A_POINTER_CE_LOG_0.01,POINTER_CE,LOG,0.01,COMPLETE_EVENT,True,5.910222497118037,5.907507230615396,367.78820059340796,
A_POINTER_CE_LOG_0.003,POINTER_CE,LOG,0.003,COMPLETE_EVENT,True,7.08027067591752,7.079428776287968,1187.2901165002775,
A_POINTER_CE_LOG_0.001,POINTER_CE,LOG,0.001,COMPLETE_EVENT,True,8.165619327411582,8.165335026456615,3516.899394075893,
A_POINTER_CE_LOG_0.0001,POINTER_CE,LOG,0.0001,COMPLETE_EVENT,True,10.46001419545491,10.459985535217886,34891.04675188496,
