data,q_share,value_path,rho,joint_path,fixed_path,status,D_rank,D_rank_fraction,ambiguity_low,ambiguity_high,ambiguity_low_fraction,ambiguity_high_fraction,resolved_sign,joint_U_rank,fixed_U_rank,joint_U_rank1,fixed_U_rank1,joint_U_loss1,fixed_U_loss1,joint_U_loss2,fixed_U_loss2,joint_U_weighted_J,fixed_U_weighted_J,joint_endpoint_L1,fixed_endpoint_L1,joint_endpoint_L2,fixed_endpoint_L2,joint_endpoint_d2,fixed_endpoint_d2,joint_endpoint_beta,fixed_endpoint_beta,joint_bypass_nodes,fixed_bypass_nodes,joint_bypass_occupation_auc,fixed_bypass_occupation_auc,D_U_loss1,D_U_loss2,D_U_weighted_J
STRONG,UNTIED,R_OFF,0.1,B_STRONG_UNTIED_R_OFF_JOINT_0.1,B_STRONG_UNTIED_R_OFF_FIXED_SLOW_RHO0.1,COMPLETE_COMMON_GRID,-0.1,-1/10,-0.1,-0.1,-1/10,-1/10,NEGATIVE,0.30625,0.40625,0.0,0.0,0.005715963678683171,0.03788326781952409,0.4733675250226135,0.5191704321914532,0.029098541745879686,0.06194762603812054,0.00011203938333898676,0.028429490151827105,0.006854500570336831,0.10987907221835913,0.9544887579291811,1.1836762363354918,2.910115149426254,1.0,0,0,0.0,0.0,-0.03216730414084092,-0.045802907168839724,-0.03284908429224086
STRONG,UNTIED,R_OFF,0.003,B_STRONG_UNTIED_R_OFF_JOINT_0.003,B_STRONG_UNTIED_R_OFF_FIXED_SLOW_RHO0.003,COMPLETE_COMMON_GRID,0.59375,19/32,0.59375,0.59375,19/32,19/32,POSITIVE,1.0,0.40625,0.0,0.0,0.000955698981303949,0.03788326781952409,1.9986876256699588,0.5191704321914532,0.1008422953157367,0.06194762603812054,2.191992343417099e-05,0.028429490151827105,1.9998354579361386,0.10987907221835913,-1.4224066787976681,1.1836762363354918,7.099641135780958,1.0,0,0,0.0,0.0,-0.03692756883822015,1.4795171934785056,0.03889466927761616
STRONG,UNTIED,R_ON,0.1,B_STRONG_UNTIED_R_ON_JOINT_0.1,B_STRONG_UNTIED_R_ON_FIXED_SLOW_RHO0.1,COMPLETE_COMMON_GRID,0.0,0,0.0,0.0,0,0,ZERO,1.0,1.0,0.0,0.0,0.001063001461682876,0.001118457077304718,0.03953713890751478,0.05799942397619121,0.0029867083339744707,0.003962505422249043,2.357299801965932e-19,3.2570714624555973e-10,9.05236545898896e-15,6.666383775080477e-07,-1.321460132059289,-1.1556419552762727,0.15196619628735375,1.0,366,341,0.91375,0.85125,-5.545561562184196e-05,-0.018462285068676434,-0.0009757970882745721
STRONG,UNTIED,R_ON,0.003,B_STRONG_UNTIED_R_ON_JOINT_0.003,B_STRONG_UNTIED_R_ON_FIXED_SLOW_RHO0.003,COMPLETE_COMMON_GRID,0.0,0,0.0,0.0,0,0,ZERO,1.0,1.0,0.0,0.0,0.0006597936922310533,0.001118457077304718,0.05762458779719991,0.05799942397619121,0.0035080333974794966,0.003962505422249043,6.162975822039155e-33,3.2570714624555973e-10,2.465190328815662e-32,6.666383775080477e-07,-1.3815471934298944,-1.1556419552762727,0.04207535062429994,1.0,375,341,0.93625,0.85125,-0.0004586633850736647,-0.00037483617899130434,-0.00045447202476954626
STRONG,TIED,R_OFF,0.1,B_STRONG_TIED_R_OFF_JOINT_0.1,B_STRONG_TIED_R_OFF_FIXED_SLOW_RHO0.1,COMPLETE_COMMON_GRID,-0.0075,-3/400,-0.0075,-0.0075,-3/400,-3/400,NEGATIVE,0.11375,0.12125,0.0,0.0,0.0048075452424043855,0.03803674582538785,0.16763115890638053,0.1782716104725682,0.01294872592560319,0.045048489057746874,0.00010784675272345235,0.028440204555404705,0.0023586172737453002,0.031142680496225573,1.1472652965848549,1.9478756989147354,2.9081929800188986,1.0,0,0,0.0,0.0,-0.03322920058298347,-0.010640451566187675,-0.03209976313214368
STRONG,TIED,R_OFF,0.003,B_STRONG_TIED_R_OFF_JOINT_0.003,B_STRONG_TIED_R_OFF_FIXED_SLOW_RHO0.003,COMPLETE_COMMON_GRID,0.87875,703/800,0.87875,0.87875,703/800,703/800,POSITIVE,1.0,0.12125,0.0,0.0,0.0009630193395860165,0.03803674582538785,1.9981111241937088,0.1782716104725682,0.10082042458229216,0.045048489057746874,2.861218216888266e-05,0.028440204555404705,1.9992536845676685,0.031142680496225573,-1.2639778021091927,1.9478756989147354,6.793138808460209,1.0,0,0,0.0,0.0,-0.03707372648580184,1.8198395137211407,0.05577193552454529
STRONG,TIED,R_ON,0.1,B_STRONG_TIED_R_ON_JOINT_0.1,B_STRONG_TIED_R_ON_FIXED_SLOW_RHO0.1,COMPLETE_COMMON_GRID,0.0,0,0.0,0.0,0,0,ZERO,1.0,1.0,0.0,0.0,0.0010601414165657965,0.0011193261696166767,0.038892036655318714,0.05695554791305409,0.0029517361785034424,0.0039111372567885464,1.7272612501993161e-18,7.10588253404362e-10,7.487606661750491e-14,1.1163791623069048e-06,-1.2270194854615857,-1.0947345727352766,0.16880327470592382,1.0,366,341,0.91375,0.85125,-5.918475305088022e-05,-0.01806351125773538,-0.000959401078285104
STRONG,TIED,R_ON,0.003,B_STRONG_TIED_R_ON_JOINT_0.003,B_STRONG_TIED_R_ON_FIXED_SLOW_RHO0.003,COMPLETE_COMMON_GRID,0.0,0,0.0,0.0,0,0,ZERO,1.0,1.0,0.0,0.0,0.0006595344275579244,0.0011193261696166767,0.0549259743017859,0.05695554791305409,0.0033728564212693233,0.0039111372567885464,6.162975822039155e-33,7.10588253404362e-10,2.465190328815662e-32,1.1163791623069048e-06,-1.2833426738055305,-1.0947345727352766,0.025662211344489018,1.0,376,341,0.93875,0.85125,-0.0004597917420587523,-0.0020295736112681956,-0.0005382808355192232
WEAK,UNTIED,R_OFF,0.1,B_WEAK_UNTIED_R_OFF_JOINT_0.1,B_WEAK_UNTIED_R_OFF_FIXED_SLOW_RHO0.1,COMPLETE_COMMON_GRID,-0.02,-1/50,-0.02,-0.02,-1/50,-1/50,NEGATIVE,0.02875,0.04875,0.0,0.0,0.004327125627875858,0.03788326781952408,0.05098081086005359,0.19175342884479002,0.006659809889484744,0.04557677587078738,0.00012448591526786025,0.028429490151827105,0.0034269054609539183,0.076188053710449,0.9490474141585967,1.4167161005116828,3.3110541729838596,1.0,0,0,0.0,0.0,-0.03355614219164822,-0.14077261798473642,-0.038916965981302634
WEAK,UNTIED,R_OFF,0.003,B_WEAK_UNTIED_R_OFF_JOINT_0.003,B_WEAK_UNTIED_R_OFF_FIXED_SLOW_RHO0.003,COMPLETE_COMMON_GRID,-0.0375,-3/80,-0.0375,-0.0375,-3/80,-3/80,NEGATIVE,0.01125,0.04875,0.0,0.0,0.0008876542911905432,0.03788326781952408,0.015145114741877982,0.19175342884479002,0.0016005273137249154,0.04557677587078738,1.0816129095490108e-05,0.028429490151827105,0.00038152455612248785,0.076188053710449,0.5216095960390121,1.4167161005116828,8.183003827592927,1.0,0,0,0.0,0.0,-0.03699561352833353,-0.17660831410291203,-0.04397624855706246
WEAK,UNTIED,R_ON,0.1,B_WEAK_UNTIED_R_ON_JOINT_0.1,B_WEAK_UNTIED_R_ON_FIXED_SLOW_RHO0.1,COMPLETE_COMMON_GRID,-0.0225,-9/400,-0.0225,-0.0225,-9/400,-9/400,NEGATIVE,0.06625,0.08875,0.0,0.0,0.0010663199031230323,0.0011316295115824833,0.0191431727926355,0.01921639138797484,0.001970162547598656,0.002035867605402101,3.1985319288482413e-13,1.603922386680478e-12,1.0829661138794434e-09,5.3010745389589946e-09,0.21066654958600958,0.16099030341125184,1.1888809994758096,1.0,1,10,0.0025,0.025,-6.530960845945095e-05,-7.321859533934022e-05,-6.57050578034453e-05
WEAK,UNTIED,R_ON,0.003,B_WEAK_UNTIED_R_ON_JOINT_0.003,B_WEAK_UNTIED_R_ON_FIXED_SLOW_RHO0.003,COMPLETE_COMMON_GRID,-0.0725,-29/400,-0.0725,-0.0725,-29/400,-29/400,NEGATIVE,0.01625,0.08875,0.0,0.0,0.0006048449684558062,0.0011316295115824833,0.012723121026157188,0.01921639138797484,0.0012107587713408754,0.002035867605402101,4.1453668359928244e-26,1.603922386680478e-12,7.655782318119816e-23,5.3010745389589946e-09,0.3296713699575777,0.16099030341125184,4.026808980023879,1.0,0,10,0.0,0.025,-0.0005267845431266771,-0.006493270361817651,-0.0008251088340612256
WEAK,TIED,R_OFF,0.1,B_WEAK_TIED_R_OFF_JOINT_0.1,B_WEAK_TIED_R_OFF_FIXED_SLOW_RHO0.1,COMPLETE_COMMON_GRID,0.0,0,0.0,0.0,0,0,ZERO,0.00875,0.00875,0.0,0.0,0.004245580825641653,0.03836672862088392,0.02624096349770083,0.07950590962198531,0.005345349959244612,0.04042368767093899,0.0001498854128675351,0.028461419424873485,0.0015169559399145298,0.029129603150548994,1.1162964173563814,1.9859619910515962,3.1928540831459475,1.0,0,0,0.0,0.0,-0.03412114779524227,-0.05326494612428448,-0.03507833771169438
WEAK,TIED,R_OFF,0.003,B_WEAK_TIED_R_OFF_JOINT_0.003,B_WEAK_TIED_R_OFF_FIXED_SLOW_RHO0.003,COMPLETE_COMMON_GRID,-0.0025,-1/400,-0.0025,-0.0025,-1/400,-1/400,NEGATIVE,0.00625,0.00875,0.0,0.0,0.0008334430234069868,0.03836672862088392,0.010197094656430958,0.07950590962198531,0.0013016256050581852,0.04042368767093899,7.992245168698637e-06,0.028461419424873485,0.00032554082762697566,0.029129603150548994,0.562458229241659,1.9859619910515962,7.731675822384717,1.0,0,0,0.0,0.0,-0.037533285597476936,-0.06930881496555436,-0.03912206206588081
WEAK,TIED,R_ON,0.1,B_WEAK_TIED_R_ON_JOINT_0.1,B_WEAK_TIED_R_ON_FIXED_SLOW_RHO0.1,COMPLETE_COMMON_GRID,-0.0075,-3/400,-0.0075,-0.0075,-3/400,-3/400,NEGATIVE,0.02625,0.03375,0.0,0.0,0.0010621359094382973,0.0011286822406182157,0.016812807939204442,0.017263835791243326,0.0018496695109266044,0.0019354399181494716,8.304133944535062e-13,3.732319532990195e-12,1.5980554791397449e-09,8.184014738196414e-09,0.3034454617956516,0.25275553617564983,1.2295490211047726,1.0,0,0,0.0,0.0,-6.654633117991835e-05,-0.00045102785203888357,-8.577040722286718e-05
WEAK,TIED,R_ON,0.003,B_WEAK_TIED_R_ON_JOINT_0.003,B_WEAK_TIED_R_ON_FIXED_SLOW_RHO0.003,COMPLETE_COMMON_GRID,-0.025,-1/40,-0.025,-0.025,-1/40,-1/40,NEGATIVE,0.00875,0.03375,0.0,0.0,0.0006007554198150185,0.0011286822406182157,0.010347076814113176,0.017263835791243326,0.0010880714895299265,0.0019354399181494716,2.234930052999658e-20,3.732319532990195e-12,1.5865995284858418e-17,8.184014738196414e-09,0.37438059432150206,0.25275553617564983,3.9074382048929595,1.0,0,0,0.0,0.0,-0.0005279268208031972,-0.00691675897713015,-0.0008473684286195451
