split,condition,epsilon,BASE_mean_answer_loss,plus_mean_answer_loss,minus_mean_answer_loss,plus_actual_change,minus_actual_change,analytic_slope,FD,FD_abs_discrepancy,FD_relative_discrepancy,epsilon_times_slope,plus_change_minus_linear,same_slope_sign,predeclared_diagnostic_tolerance,diagnostic_tolerance_met,FP32_resolution_heuristic,slope_above_resolution_heuristic
DEV,EO,0.005,0.5663449387791388,0.555974815811993,0.5770247110667128,-0.01037012296714579,0.010679772287573996,-2.1047816458385125,-2.1049895254719786,0.0002078796334661348,9.876541534707216e-05,-0.010523908229192563,0.0001537852620467732,True,0.10523908229192563,True,0.00014937829387465847,True
DEV,EO,0.0025,0.5663449387791388,0.5611214712219237,0.5716456423649277,-0.0052234675572151446,0.005300703585788824,-2.1047816458385125,-2.1048342286007937,5.258276228126135e-05,2.498252604265427e-05,-0.005261954114596281,3.848655738113681e-05,True,0.10523908229192563,True,0.00029875658774931695,True
DEV,N,0.005,0.7958861790223182,0.779776156355183,0.8125492920744364,-0.016110022667135127,0.016663113052118206,-3.277320998578429,-3.2773135719253332,7.426653095610192e-06,2.2660743634302462e-06,-0.016386604992892146,0.0002765823257570195,True,0.16386604992892145,True,0.00017126905241225416,True
DEV,N,0.0025,0.7958861790223182,0.7877620819500635,0.8041491030709267,-0.008124097072254699,0.008262924048608511,-3.277320998578429,-3.277404224172642,8.322559421314324e-05,2.5394398122504078e-05,-0.008193302496446073,6.9205424191374e-05,True,0.16386604992892145,True,0.0003425381048245083,True
DEV,C,0.005,0.8570452176160188,0.84113007294809,0.8736141563116462,-0.01591514466792887,0.016568938695627367,-3.2477023434841596,-3.2484083363556238,0.0007059928714641117,0.0002173822588392498,-0.016238511717420797,0.00032336704949192593,True,0.162385117174208,True,0.00017710163284454525,True
DEV,C,0.0025,0.8570452176160188,0.8490075960802415,0.8652466354649277,-0.008037621535777362,0.008201417848908932,-3.2477023434841596,-3.2478078769372587,0.00010553345309904927,3.249480461495501e-05,-0.008119255858710398,8.163432293303678e-05,True,0.162385117174208,True,0.0003542032656890905,True
DEV,CF,0.005,0.6219499977807175,0.61294902027268,0.6313282302960488,-0.009000977508037522,0.00937823251533132,-1.8378774345166606,-1.8379210023368842,4.356782022352235e-05,2.370550908634457e-05,-0.009189387172583304,0.00018840966454578174,True,0.09189387172583303,True,0.00015468120553786444,True
DEV,CF,0.0025,0.6219499977807175,0.617402713085994,0.6265914914378925,-0.00454728469472343,0.004641493657175033,-1.8378774345166606,-1.8377556703796927,0.00012176413696796118,6.625258827446438e-05,-0.004594693586291652,4.740889156822168e-05,True,0.09189387172583303,True,0.0003093624110757289,True
HELDOUT,EO,0.005,0.6471176111077561,0.6392607796571745,0.6553340642440588,-0.00785683145058158,0.008216453136302704,-1.607057835991103,-1.6073284586884284,0.0002706226973254733,0.0001683963646265258,-0.008035289179955515,0.00017845772937393443,True,0.08035289179955515,True,0.00015708137618138847,True
HELDOUT,EO,0.0025,0.6471176111077561,0.6431443723604922,0.6511803598316028,-0.003973238747263963,0.00406274872384671,-1.607057835991103,-1.6071974942221345,0.0001396582310315697,8.690305221369947e-05,-0.0040176445899777575,4.4405842713794545e-05,True,0.08035289179955515,True,0.00031416275236277694,True
HELDOUT,N,0.005,1.1399055577788886,1.1277560620505085,1.1524516780988279,-0.012149495728380089,0.012546120319939291,-2.4693638985164537,-2.469561604831938,0.00019770631548432505,8.006366157823203e-05,-0.012346819492582269,0.00019732376420217995,True,0.12346819492582269,True,0.00020407729699887167,True
HELDOUT,N,0.0025,1.1399055577788886,1.1337812784261416,1.1461293470395049,-0.006124279352746953,0.006223789260616286,-2.4693638985164537,-2.469613722672648,0.0002498241561941228,0.00010116943733736949,-0.006173409746291134,4.913039354418128e-05,True,0.12346819492582269,True,0.00040815459399774334,True
HELDOUT,C,0.005,1.2782386554246727,1.2635845422299496,1.293368127265495,-0.014654113194723095,0.015129471840822362,-2.9781700503494135,-2.9783585035545457,0.00018845320513216635,6.327818826532625e-05,-0.014890850251747068,0.0002367370570239731,True,0.14890850251747068,True,0.0002172697692322419,True
HELDOUT,C,0.0025,1.2782386554246727,1.2708530782408047,1.2857449527344045,-0.007385577183868008,0.007506297309731735,-2.9781700503494135,-2.9783748987199488,0.00020484837053524885,6.878330218625865e-05,-0.007445425125873534,5.984794200552569e-05,True,0.14890850251747068,True,0.0004345395384644838,True
HELDOUT,CF,0.005,0.5016441681425903,0.49610846241840534,0.5074451331956311,-0.005535705724184936,0.005800965053040841,-1.1332211102171372,-1.1336670777225777,0.0004459675054404588,0.00039353970855255836,-0.005666105551085686,0.00013039982690074992,True,0.056661055510856866,True,0.00014320794755388167,True
HELDOUT,CF,0.0025,0.5016441681425903,0.49884389125061546,0.5045102960364858,-0.0028002768919748178,0.0028661278938955093,-1.1332211102171372,-1.1332809571740654,5.9846956928177875e-05,5.281136786863295e-05,-0.002833052775542843,3.277588356802525e-05,True,0.056661055510856866,True,0.00028641589510776334,True
