split,condition,registered_n,observed_n,complete_grid,EM_count_observed,EM_full_denominator,F1_full_denominator,decoy_count_observed,UNKNOWN_count_observed,empty_count_observed,truncated_count_observed,malformed_format_count_observed,old_answer_CF_count_observed
DEV,EO,128,128,True,105,0.8203125,0.8587628517316017,0,2,0,0,0,
DEV,N,128,128,True,91,0.7109375,0.7621463605838605,3,8,0,0,0,
DEV,C,128,128,True,87,0.6796875,0.7247517673298923,10,5,0,0,0,
DEV,QO,128,128,True,0,0.0,0.009189551767676767,0,100,0,0,0,
DEV,CF,128,128,True,101,0.7890625,0.8402031562187812,0,2,0,0,0,0
HELDOUT,EO,128,128,True,108,0.84375,0.863661858974359,0,3,0,0,0,
HELDOUT,N,128,128,True,93,0.7265625,0.7528409090909091,10,5,0,0,0,
HELDOUT,C,128,128,True,83,0.6484375,0.6783854166666666,22,4,0,0,0,
HELDOUT,QO,128,128,True,0,0.0,0.016276041666666668,0,93,0,0,0,
HELDOUT,CF,128,128,True,107,0.8359375,0.8680652680652681,0,3,0,0,0,0
