split,condition,layer,answer_directional_contribution,EOS_directional_contribution,combined_directional_contribution,mean_full_gradient_norm,mean_radial_gradient_norm,mean_residual_gradient_norm,q_theta_dot_g,k_theta_dot_g,u_locked
DEV,EO,0,0.0012337863183553882,0.04024323732816763,0.010733822124460656,0.8273249839282468,0.001293659568753216,0.8273239725021838,-0.07350735200534778,-0.07350730811188541,-0.008392267256690832
DEV,EO,1,-0.005554766952340541,0.0007735934501964673,-0.002301863606484037,0.18168092290616686,0.0025854601867717555,0.18166252542464326,-0.07213135556939756,-0.07213130051694878,0.03850453820159677
DEV,EO,2,-6.487112533692734e-05,0.0036817509127124396,0.0009373484210417085,0.30846651964512534,0.00021460765156707518,0.3084664449912378,-0.0059474999542600375,-0.005947534804230152,0.005453630582342344
DEV,EO,3,-0.009074038023763387,0.0335174017454551,0.0033904939536088356,0.463609815935754,0.004304794684889748,0.4635898296713429,-0.08415796121542893,-0.08415796811040471,0.05391075021899707
DEV,EO,4,-0.010025594292147201,0.004651683771308767,-0.0027911092374556367,0.6463983168181434,0.0023422566575185414,0.6463940731620914,-0.07081596631929594,-0.07081597013719734,0.07078625444923496
DEV,EO,5,0.0032426082420194124,-0.0374617238903442,-0.0075902700008582515,0.9681197670034088,0.0018234979215985903,0.9681180496809593,-0.05350035744693865,-0.05350040413447604,-0.030304534230367844
DEV,EO,6,-0.0023482728884981112,-0.026064347434294824,-0.008211627309417682,0.23816829293397124,0.0027060938676849154,0.23815291897237204,-0.06161119640691802,-0.061611274257565254,0.019057180689811944
DEV,EO,7,-0.055251761246420006,0.4214771752448982,0.06775840088003202,0.9224804950181527,0.007049050224272943,0.9224535622891116,-0.1415003174364908,-0.14150019630257266,0.19523555104696413
DEV,EO,8,-1.04284646616704,-1.2363539845485896,-0.9036001942996383,0.4056408695059747,0.03622654623544127,0.4040199900517481,0.5214232387448725,0.5214232274221673,-1.0
DEV,EO,9,-0.025786984324443887,-0.7816209276826844,-0.20905731606498845,0.6628706406404854,0.0029004414921534514,0.6628642950576521,-0.056827512665724514,-0.056827653497398836,0.22688792067254673
DEV,EO,10,-0.04039003750438672,0.023865053515111034,-0.014750509831649543,1.0352541627939733,0.008834982233697624,1.0352164627125966,-0.18461654405082364,-0.18461662587236835,0.1093889736742468
DEV,EO,11,-0.03653876972492947,-0.08578553755800838,-0.03432568727257722,0.2273106000743942,0.0038993205332014703,0.22727715284550828,0.0658506916328982,0.06585074574058905,-0.27743637771629265
DEV,EO,12,-0.3729074956802255,-0.24477332808862529,-0.2777699957863924,0.3004528837561508,0.020927290371843276,0.2997231787417844,-0.3819373548596016,-0.38193733669960644,0.48817888562200296
DEV,EO,13,-0.08845323070381486,-0.22345096239261233,-0.09627787966607271,0.1609269517211208,0.009889534764024223,0.16062279070045787,-0.16050356586839076,-0.1605034831490375,0.275549184899714
DEV,EO,14,-0.002066321050364535,-0.020090162979038453,-0.005291456057183349,0.2821622540901534,0.0034257063420877537,0.2821414577287324,0.05934942626350348,0.0593495133089571,-0.017408083490949258
DEV,EO,15,-0.022908333065857656,-0.07003560540122859,-0.0313361810687872,0.32565369526082905,0.004617165635771072,0.32562096219151,0.10659062397374554,0.10659063290605711,-0.10745941458997024
DEV,EO,16,-0.005238930140024564,0.28841021365982716,0.06898494442892625,0.25374095169876976,0.0012106576092213446,0.25373806351659317,-0.020635915530514748,-0.020635990514802804,0.12693695644373792
DEV,EO,17,-0.004636565090143293,-0.022605023057576425,-0.00875829282714682,0.3231274942603159,0.0034044958333405285,0.3231095587491513,-0.06564912537200678,-0.06564914909729518,0.035313221814101924
DEV,EO,18,-0.26181938243824876,1.1568071898188266,0.11760612473834385,0.32161801422728764,0.013288880430282705,0.32134335644667283,-0.20526623903823948,-0.20526627590359448,0.6377555319225918
DEV,EO,19,-0.002319623244282131,-0.0024714904577139056,-0.0013216080461304703,0.20258202727772107,0.0030706692594713873,0.20255875386230598,-0.049975115533539866,-0.04997506264961209,0.023207794987934665
DEV,EO,20,-0.004677567922762176,-0.08603370973076083,-0.022840804641575584,0.27105413863554856,0.0037849868033481343,0.27102771066139647,0.06022482680102781,0.06022490412094744,-0.03883419154993552
DEV,EO,21,-0.0003740098183027478,0.00022305425457651643,-0.00011939154954717176,0.16349354151944603,0.0021622622609163387,0.16347924253704457,0.03310546015968821,0.03310549848876046,-0.005648760053280254
DEV,EO,22,-0.023163724690048106,0.1011121056880862,0.0029401480234959795,0.11375799180517182,0.003645525616438679,0.113699563950463,-0.05191830709132015,-0.05191835149414202,0.22307848697753838
DEV,EO,23,-0.04467084145705998,0.021538021576530918,-0.015216463588992785,0.11181556010104698,0.007443162882881878,0.1115675526620968,-0.12429311257087633,-0.12429311602470296,0.17969958235190187
DEV,EO,24,-0.01025455858055968,0.015530045418072479,-0.0006263740416573476,0.2253661946521956,0.0035835041154001885,0.22533770254945404,-0.06338415522236097,-0.06338411191251242,0.08089215710150466
DEV,EO,25,-0.0057688067084697425,0.06542270150074911,0.010753296859408384,0.14880063557767273,0.0009796207624325692,0.14879741090315105,0.016012814629343522,0.016012827647244557,-0.18013086696740363
DEV,EO,26,-0.028533987242180942,0.07995788299343087,0.0011441782092364988,0.11435864003505553,0.00685923818576608,0.11415274592482798,-0.09617374175793181,-0.09617375345594437,0.14834602972320096
DEV,EO,27,-0.0035831003172365015,-0.08112416897684992,-0.02085761080693403,0.19205889162647918,0.0023491479137326353,0.19204452441262437,-0.03937367111064946,-0.039373694768279635,0.0455012085451261
DEV,N,0,-0.00143148302224254,0.04639905574709973,0.010537936851741444,2.4282258904374023,0.0015009501091731322,2.4282254265490435,0.08528581899085856,0.08528584876689488,-0.008392267256690832
DEV,N,1,-0.007264442474349623,0.008439698047082115,-0.0011453087434590337,0.2804839492907968,0.0033812267837106556,0.28046356824942414,-0.09433228705508781,-0.09433229155420365,0.03850453820159677
DEV,N,2,-0.00014379996201820117,0.0057950916383332045,0.0013644594045371275,0.3453774184902217,0.0004757212393630818,0.3453770908619622,-0.013183877127534466,-0.013183871814572798,0.005453630582342344
DEV,N,3,-0.006992663278430875,0.10462328080097738,0.022206066462979773,0.7267194986095546,0.0033173742092969917,0.7267119268924089,-0.06485404780010384,-0.0648540948249785,0.05391075021899707
DEV,N,4,-0.028833515712221418,0.008465182078428723,-0.01363621208274757,1.48989300953015,0.0067363083093752284,1.4898777808925028,-0.2036660784486467,-0.20366605031795787,0.07078625444923496
DEV,N,5,-0.00497650828204989,-0.039556895233995464,-0.012407490712070549,1.530227945312416,0.0027985657939007453,1.530225386224054,0.0821083392184111,0.08210828408355614,-0.030304534230367844
DEV,N,6,-0.0011851074434843737,-0.027218498330091545,-0.00804010559230536,0.35734087251562596,0.0013656896526246275,0.3573382628015107,-0.031093449107984825,-0.031093474696433865,0.019057180689811944
DEV,N,7,-0.09668906378237517,0.505009282995423,0.06347272448449487,2.1055812664997426,0.012335644174312255,2.1055451317218226,-0.24762156565437832,-0.24762155612274372,0.19523555104696413
DEV,N,8,-1.3041669706284522,-1.3486777763232598,-1.112440488005634,0.6037835283703107,0.04530433442792082,0.6020814450000472,0.6520834990332562,0.652083471595196,-1.0
DEV,N,9,-0.1243996635917656,-0.8118813149768029,-0.28198160600128275,0.6863013015977799,0.013992095444424172,0.6861586535487847,-0.2741434755981287,-0.27414337556176116,0.22688792067254673
DEV,N,10,-0.03289148364764332,0.058111716012269526,-0.00588485147802232,2.965048195507073,0.007194736415763987,2.9650394664232818,-0.15034180305629163,-0.1503419180067836,0.1093889736742468
DEV,N,11,-0.13818989263414716,0.034543558533231655,-0.06913045438399895,0.36664419361120604,0.014747258593701218,0.36634748951341545,0.2490478953734343,0.24904789787347925,-0.27743637771629265
DEV,N,12,-0.4997151743701605,-0.38049725151730496,-0.3976287987683945,0.5440446962804937,0.028043642668497848,0.543321438613291,-0.5118156413916518,-0.5118156320778239,0.48817888562200296
DEV,N,13,-0.12589891543173698,-0.5133465215212782,-0.1926371337057909,0.28469889571841617,0.014076158564340722,0.2843507042075985,-0.22845086657433766,-0.22845092203940082,0.275549184899714
DEV,N,14,-0.0005725872176110657,-0.031686500683568666,-0.00793467085198242,0.4141702091516213,0.0009492792334582147,0.4141691212749143,0.016446014174972767,0.01644601658239167,-0.017408083490949258
DEV,N,15,-0.038742030623076074,-0.04679322153908609,-0.03807331891427863,0.5630547268929618,0.0078084412313463285,0.5630005805698999,0.18026354510364345,0.18026355036679914,-0.10745941458997024
DEV,N,16,-0.029470591628597997,0.3165657186781035,0.05989764048571218,0.40517651805306687,0.0068103210101690195,0.40511927911338125,-0.11608355848026086,-0.1160835932637645,0.12693695644373792
DEV,N,17,-0.002918995462777567,-0.029634668711228853,-0.010009768222084069,0.618586221564464,0.0021433340624705866,0.6185825083434681,-0.041329964983133266,-0.04133016379650439,0.035313221814101924
DEV,N,18,-0.6109042024617878,1.6915974683341863,0.006584979406072514,0.5377495474539226,0.031006997363102532,0.536854861113712,-0.4789485531353145,-0.4789485906497699,0.6377555319225918
DEV,N,19,-0.0008980802245788459,-0.002812376945999475,-0.0007535489655208895,0.2954920832799406,0.0011888600206740995,0.29548969168647926,-0.01934868826240453,-0.019348664288570062,0.023207794987934665
DEV,N,20,-0.002403575551639673,-0.11959722536964845,-0.029002542131791688,0.3166133455253752,0.0019449213552914582,0.316607371748815,0.03094663190456448,0.03094664965246241,-0.03883419154993552
DEV,N,21,-4.7086410182461e-05,0.0017622158781600622,0.00038959491945419415,0.16113371022637668,0.0002722205748543926,0.16113348028040778,0.004167863753269357,0.00416784350608182,-0.005648760053280254
DEV,N,22,-0.0635393536157314,0.1598350979841442,-0.006631980464431742,0.18501288839297697,0.009999874560658274,0.1847424460709646,-0.1424147835801893,-0.14241480477061008,0.22307848697753838
DEV,N,23,-0.05668648556151777,0.05946388140230316,-0.014067818929177035,0.14202815626621548,0.009445238359749435,0.14171374190496858,-0.15772571430433058,-0.15772568975352536,0.17969958235190187
DEV,N,24,-0.012887374160699305,0.007301718635733092,-0.005107014566276412,0.23303444240576532,0.004503554002716274,0.23299092117228637,-0.07965776318398543,-0.07965773318147885,0.08089215710150466
DEV,N,25,-0.054576078263589026,0.0786249064658267,-0.019125937160774053,0.21472316826066623,0.009267750177980684,0.21452307054146158,0.1514900980826039,0.15149005841364546,-0.18013086696740363
DEV,N,26,-0.027234503960065826,0.028819943243071244,-0.011747331609366456,0.14912710319578984,0.006546857540369559,0.14898332646277523,-0.09179384213410526,-0.09179384141147204,0.14834602972320096
DEV,N,27,-0.003661369175496016,-0.10989120822309455,-0.02824629892732674,0.23912256262724144,0.0024004624483009484,0.23911051364892616,-0.0402337468183282,-0.04023376805800363,0.0455012085451261
DEV,C,0,-0.0018028558327451939,0.04579188992639845,0.010164360072640374,2.2913208139252004,0.0018903449198741735,2.2913200341556235,0.10741169906453102,0.10741175419332916,-0.008392267256690832
DEV,C,1,-0.003939315346350551,0.009320022412808148,0.0015771527242458127,0.28460873622720817,0.0018335500082207513,0.28460282997752484,-0.051153886087772625,-0.0511539334665258,0.03850453820159677
DEV,C,2,0.0008207555022394777,0.00590408479646261,0.0018906108895044979,0.3391842409141749,0.0027152359378927555,0.3391733727436849,0.07524852532703391,0.07524855911005718,0.005453630582342344
DEV,C,3,0.01106991590223588,0.10493772542616071,0.033832628563318354,0.4159261965321959,0.005251654777434747,0.41589304043688624,0.10266901528630584,0.10266880430009392,0.05391075021899707
DEV,C,4,-0.02354245017225342,0.007763434081354242,-0.010691320178923658,1.0372103657357759,0.005500168772383974,1.0371957823541404,-0.1662925070553597,-0.16629254572684526,0.07078625444923496
DEV,C,5,-0.001527683219892527,-0.04070388272016218,-0.01154973889776644,1.542097860552668,0.0008591007511287248,1.5420976212506834,0.0252055397225594,0.025205504653818184,-0.030304534230367844
DEV,C,6,-0.0018671664862743324,-0.02652644134122822,-0.008315924082996314,0.3181760656250015,0.002151678283730194,0.3181687901368841,-0.04898844122525636,-0.04898861617193395,0.019057180689811944
DEV,C,7,-0.08670720561596215,0.4777943919999894,0.06369108763492161,1.884933299158087,0.011062153194851885,1.8849008385168924,-0.22205794840643428,-0.22205791651155218,0.19523555104696413
DEV,C,8,-1.283080204342805,-1.21581134462317,-1.0637579112829187,0.5968190288353346,0.04457181939470539,0.5951523385619834,0.6415401376451905,0.6415400666976147,-1.0
DEV,C,9,-0.13346987596282264,-0.8009450929240899,-0.28494985106229875,0.7434335133268343,0.015012285319000554,0.743281924996822,-0.29413173648095636,-0.29413173548876315,0.22688792067254673
DEV,C,10,-0.032373635519859195,0.06203094095386849,-0.007092238108579098,2.928808810670403,0.007081461477402531,2.9288002496523937,-0.14797478758462856,-0.14797492683783023,0.1093889736742468
DEV,C,11,-0.11294624506048727,0.018605338566314134,-0.05823909867756291,0.3899112860292597,0.012053323519863332,0.3897249393676477,0.203553351312393,0.20355348157736758,-0.27743637771629265
DEV,C,12,-0.5696144483169276,-0.31761193608991756,-0.43191926229365674,0.5715657884634638,0.03196633775939888,0.5706711871052482,-0.583407502945586,-0.5834075009257205,0.48817888562200296
DEV,C,13,-0.10532523594710966,-0.534765419410477,-0.18796270883914307,0.286720248252165,0.011775913374106663,0.2864783213822447,-0.19111877083812298,-0.19111874507194157,0.275549184899714
DEV,C,14,0.0013466678862629686,-0.030082001889485545,-0.006368503500539913,0.4212772111420423,0.002232609844362327,0.4212712951067278,-0.0386793605059996,-0.038679407158639045,-0.017408083490949258
DEV,C,15,-0.029658822964984136,-0.05389263710030137,-0.031084029386126553,0.6105830613626252,0.005977724254211939,0.6105537991329641,0.13800004987433043,0.138000178473762,-0.10745941458997024
DEV,C,16,-0.02720681651438568,0.2996124144948609,0.05704038156709053,0.3848080870691242,0.006287188138698035,0.3847567220193915,-0.10716669873780577,-0.10716659927572142,0.12693695644373792
DEV,C,17,0.002660584957843569,-0.02816708646245096,-0.006003998609952819,0.6908016355027524,0.0019535906920584096,0.6907988731148057,0.037671111101414356,0.037671347648160824,0.035313221814101924
DEV,C,18,-0.6422545086908178,1.626359880097838,-0.020881790325847596,0.5614119769566291,0.032598210614965525,0.5604647754632337,-0.5035272837184945,-0.5035271070990389,0.6377555319225918
DEV,C,19,0.0018459957177859396,-0.002288114229200198,0.0011957764813018408,0.29220071958050575,0.0024436909389030427,0.2921905010399217,0.03977094817868106,0.039771107356782624,0.023207794987934665
DEV,C,20,-0.0011558599199655364,-0.11700905063359818,-0.02768465817471489,0.35052704848527816,0.0009352968499504223,0.35052580067607436,0.014881926046570737,0.014882049301783384,-0.03883419154993552
DEV,C,21,-0.0004132673375419065,0.001856486493740126,0.0001517664625427128,0.15777097383602004,0.002389221683247108,0.1577528820811665,0.0365803770804794,0.03658034025286172,-0.005648760053280254
DEV,C,22,-0.07450843091954776,0.1482631830384104,-0.015483958953409312,0.18243452124287657,0.01172619676638449,0.18205727354465576,-0.1670004854006772,-0.1670004840744742,0.22307848697753838
DEV,C,23,-0.053311155158768775,0.05565502898155175,-0.013777589185287204,0.11618965185584353,0.008882832702015104,0.11584960285460687,-0.14833408877726292,-0.1483341308203246,0.17969958235190187
DEV,C,24,-0.007453121948609115,0.008439474447861878,-0.0017635351380951014,0.2174511740899946,0.002604528802054252,0.21743557561456317,-0.04606828563775939,-0.046068235573522506,0.08089215710150466
DEV,C,25,-0.04055231989143883,0.0702128517395385,-0.01214927046631327,0.21501860816775858,0.006886327890330471,0.2149083068347684,0.11256349346887327,0.11256349655875549,-0.18013086696740363
DEV,C,26,-0.027397640209548678,0.01913646598515195,-0.012201216979341213,0.1593109250297045,0.006586073594629286,0.15917472936501653,-0.09234370657243046,-0.09234367778608579,0.14834602972320096
DEV,C,27,-0.005337998071429346,-0.10926264608481259,-0.02904969147877754,0.22911732137330662,0.00349969186536158,0.22909059149193922,-0.05865776269164234,-0.0586577601726648,0.0455012085451261
DEV,CF,0,0.0008507950701838147,0.038619077033717836,0.0102962707493932,0.8409819151442356,0.0008920825002002667,0.8409814420000473,-0.0506892778584188,-0.050689174967366524,-0.008392267256690832
DEV,CF,1,-0.0005825590754178498,0.006534345315524514,0.002124662890214471,0.1741525586212915,0.0002711514828359778,0.17415234753288777,-0.007564789404758944,-0.007564831741916578,0.03850453820159677
DEV,CF,2,0.00010893710797388822,0.004425070062710124,0.0012981005086702155,0.27731301289381544,0.0003603874110301123,0.2773127787195524,0.009987612206684586,0.009987541285853475,0.005453630582342344
DEV,CF,3,-0.01244981342380317,0.023588675207334,-0.00121562678261624,0.6046851892855696,0.005906288965761833,0.6046563436299812,-0.11546688201501915,-0.11546689971180446,0.05391075021899707
DEV,CF,4,-0.004328661762410754,-0.002166136231653071,-0.0018533233413765473,0.9636832533865508,0.0010112953442664191,0.9636827227565169,-0.030575648429069457,-0.03057551426615515,0.07078625444923496
DEV,CF,5,0.004372274593638773,-0.039657810499783355,-0.007227909721361208,0.8277941315143844,0.0024587717784845154,0.8277904798987453,-0.07213900630150036,-0.07213889483374825,-0.030304534230367844
DEV,CF,6,-0.002647801198889248,-0.028523402935667002,-0.009575826370489893,0.19989958883454606,0.003051263173994067,0.19987630026910044,-0.06946987920141967,-0.069469937867365,0.019057180689811944
DEV,CF,7,-0.0639055607659237,0.4633757948730661,0.08036678846149464,0.6137480356238989,0.008153106747859752,0.613693879782545,-0.16366272555375397,-0.16366270479551243,0.19523555104696413
DEV,CF,8,-0.8762582068915712,-1.430521751988574,-0.8832219615913104,0.3816446350443876,0.03043958001105959,0.3804287836467085,0.43812909024059665,0.4381291166509744,-1.0
DEV,CF,9,-0.037989273698197115,-0.743576047227853,-0.2029358117056242,0.6132255900127774,0.004272917852847886,0.6132107031188724,-0.08371817213995815,-0.08371812674095354,0.22688792067254673
DEV,CF,10,-0.028845522839249585,-0.014215959234725795,-0.018908371312180233,1.1695538932779788,0.006309716394267027,1.16953687276661,-0.1318484084325208,-0.13184839637661513,0.1093889736742468
DEV,CF,11,-0.015139363408955133,-0.18154922513619837,-0.056118033371681114,0.24216998210123938,0.0016156326839833598,0.24216459270906027,0.027284370957773946,0.02728440453437414,-0.27743637771629265
DEV,CF,12,-0.33221312649318924,-0.16866784971809057,-0.22323520210445447,0.32751461606250165,0.01864355274162311,0.3269835495491144,-0.34025756333154256,-0.34025758445062093,0.48817888562200296
DEV,CF,13,-0.06525004209007307,-0.2584813522946863,-0.09590346253167177,0.16045761697497538,0.007295296672255865,0.1602916887793989,-0.11840001016040624,-0.11839997207804887,0.275549184899714
DEV,CF,14,-0.0010755241835569296,-0.01663798675555653,-0.004021295060642461,0.335332017212214,0.0017830869099599513,0.3353272765056313,0.03089149229261423,0.030891539947328406,-0.017408083490949258
DEV,CF,15,-0.013229264910718555,-0.07773909739655563,-0.030052381153527902,0.3674571868730532,0.0026663532067864562,0.36744751291202743,0.061554703666777066,0.06155470430084567,-0.10745941458997024
DEV,CF,16,-0.020710696892393146,0.3024448605833384,0.06444608346547377,0.292384557556694,0.004786008233531264,0.2923453841311887,-0.08157871859609966,-0.08157862716531938,0.12693695644373792
DEV,CF,17,-0.003130025062995593,-0.006087572762060189,-0.0037162483247419106,0.37605639278244196,0.0022982870029956753,0.3760493696702524,-0.04431802814633168,-0.04431803795584538,0.035313221814101924
DEV,CF,18,-0.2815981159838331,1.2297004615426825,0.1233611058306382,0.2297891407406347,0.014292768006144983,0.22934420852736115,-0.22077278546233248,-0.22077276277449942,0.6377555319225918
DEV,CF,19,0.0015541968690859632,-0.007615063507067082,-0.0005873663582197982,0.19106970570487514,0.0020574136600988798,0.19105862840285132,0.03348436068322819,0.033484382788263434,0.023207794987934665
DEV,CF,20,-0.008184568732148713,-0.08244386238624396,-0.023863561639838674,0.22459253900887155,0.0066227760139045445,0.22449487169269847,0.10537838663703633,0.10537838221765872,-0.03883419154993552
DEV,CF,21,-0.0012935619896220648,0.00012325565624338695,-0.0005592542505528438,0.11426363146134583,0.007478467503897316,0.11401863882070955,0.11449961311423212,0.1144996676873818,-0.005648760053280254
DEV,CF,22,-0.007857276431687613,0.08109411562295431,0.0004785491912758493,0.13347938456907965,0.0012365844824370374,0.1334736564411047,-0.017610993913857793,-0.017611032818279616,0.22307848697753838
DEV,CF,23,-0.03998237162473051,0.01893312421976795,-0.01316629615342916,0.08225043837205945,0.006661958779819453,0.08198019832625397,-0.11124785129828395,-0.11124777780359052,0.17969958235190187
DEV,CF,24,-0.013085851100014877,0.01736635429497096,-0.0013635474717380355,0.23988466904950326,0.004572912710188838,0.2398410784547441,-0.08088452407535308,-0.08088457158115864,0.08089215710150466
DEV,CF,25,-0.0063979664869308304,0.06931359896217232,0.012741175360441462,0.1779955712251822,0.001086460532425741,0.17799225539132424,0.017759252059933492,0.017759182923719884,-0.18013086696740363
DEV,CF,26,-0.004149507074459807,0.06099420910470697,0.008765560750155048,0.13516161498928467,0.0009974931696600017,0.13515793418770536,-0.013985912195872474,-0.013985898591395485,0.14834602972320096
DEV,CF,27,-0.0044589760367715146,-0.0901212902977018,-0.023617386317147552,0.22276798890631483,0.002923388497881746,0.22274880623934767,-0.04899842496050355,-0.048998445437989285,0.0455012085451261
HELDOUT,EO,0,0.0022507675243707407,0.0425224211142206,0.011579628220049135,1.246785296364202,0.002359992894735993,1.2467830627914016,-0.1340976937986303,-0.1340977122254438,-0.008392267256690832
HELDOUT,EO,1,0.006585586514368533,-0.0012934619252206736,0.0029007845275073447,0.13200530702160937,0.0030652540215510707,0.1319697135696396,0.08551701645025596,0.08551701802870916,0.03850453820159677
HELDOUT,EO,2,0.0023403845091086407,0.003408855756652485,0.002131932919697625,0.11836733766327949,0.0077424959202589865,0.11811384500733856,0.2145712362317838,0.21457123569990338,0.005453630582342344
HELDOUT,EO,3,7.817543801125378e-05,0.031298125168320104,0.006728820847530889,0.8331826796778552,3.708703987777416e-05,0.8331826788524367,0.0007250752135490035,0.0007250147535482476,0.05391075021899707
HELDOUT,EO,4,-0.01368798560931262,-0.014231835529703342,-0.011228999312577754,0.6894286313435453,0.0031978927619824866,0.6894212146417579,-0.09668541737338744,-0.09668525488232693,0.07078625444923496
HELDOUT,EO,5,-0.001487998895224633,-0.0365127846000243,-0.010062753742030748,1.2528313443595354,0.0008367840609364853,1.2528310649094536,0.024550823370515264,0.02455070328266539,-0.030304534230367844
HELDOUT,EO,6,-0.0014985326693247028,-0.02947937940000381,-0.009239212773621466,0.12430474383631317,0.0017268734340235314,0.12429274817282907,-0.03931678356286863,-0.03931670864754137,0.019057180689811944
HELDOUT,EO,7,-0.017562322923945203,0.4948114800186728,0.10656430458173483,0.4676525177704724,0.002240610861139044,0.4676471501463801,-0.04497726740335016,-0.044977266131992474,0.19523555104696413
HELDOUT,EO,8,-0.5516670665521738,-1.4117943445300853,-0.6937879088911496,0.30227698901613176,0.019163887630052577,0.3016688971365152,0.27583349338481966,0.2758335731673539,-1.0
HELDOUT,EO,9,-0.001695861507283937,-0.7977981484351456,-0.19342564182330324,0.36214851422942423,0.00019074533953974913,0.36214846399618333,-0.0037372425677398707,-0.003737203415356244,0.22688792067254673
HELDOUT,EO,10,-0.04463189781527925,0.030854692846354254,-0.01904195415446671,0.3936197605552013,0.009762853629719275,0.3934986691064389,-0.204005449415556,-0.20400548912922015,0.1093889736742468
HELDOUT,EO,11,0.00449763662013155,-0.08258602828716777,-0.015932970995754345,0.143481736921797,0.00047997584362541784,0.14348093411072183,-0.008105595758699513,-0.008105820556470494,-0.27743637771629265
HELDOUT,EO,12,-0.4081183880570215,-0.1026292294384532,-0.24336645352931746,0.15658717507763226,0.022903299375569,0.15490313836880812,-0.4180008996582542,-0.41800082036088576,0.48817888562200296
HELDOUT,EO,13,-0.020621571469557263,-0.24251854312524138,-0.06903692658090352,0.16689032397958606,0.0023055997651446006,0.16687439722058672,-0.03741897696321986,-0.03741910131693349,0.275549184899714
HELDOUT,EO,14,0.0008117743218797749,-0.018443011123744392,-0.0033544271662260382,0.2214851587732975,0.001345822055249793,0.22148106989047261,-0.023316033607293007,-0.023315999281441062,-0.017408083490949258
HELDOUT,EO,15,-0.01874938989521233,-0.0636581189332652,-0.028097988496612315,0.3146583825264117,0.0037789322543450043,0.3146356899100208,0.08723945733388014,0.08723934442354453,-0.10745941458997024
HELDOUT,EO,16,-0.01324135266564564,0.31021677402552017,0.0666676130460922,0.15913601259738017,0.0030599271096545116,0.15910659116289663,-0.05215725036069793,-0.05215715134401436,0.12693695644373792
HELDOUT,EO,17,0.022856202337800918,-0.022507861442495728,0.004798506001479838,0.31986364748796275,0.016782649248352578,0.31942306690110917,0.32362101397501897,0.323621043351893,0.035313221814101924
HELDOUT,EO,18,-0.43927990998727945,1.1423755849867032,0.002115685948970568,0.29195990482153383,0.02229605060130762,0.29110732067569695,-0.34439518895944504,-0.3443952456182318,0.6377555319225918
HELDOUT,EO,19,0.0032130883706809497,-0.004143700882637543,0.001105334200028136,0.16228830539756853,0.0042534199086577944,0.16223255680625606,0.06922433304711968,0.06922433785640135,0.023207794987934665
HELDOUT,EO,20,0.0027771939991456975,-0.08012378291893656,-0.017385494432065295,0.24146302239469933,0.0022472453229277324,0.2414525648495821,-0.03575712493448385,-0.03575701990292324,-0.03883419154993552
HELDOUT,EO,21,-0.0010631509718302453,0.0005420867903436182,-0.0004636643946151261,0.12120959789468642,0.0061463927189854065,0.12105365949997371,0.09410483200243641,0.09410478600264577,-0.005648760053280254
HELDOUT,EO,22,-0.009426108629364735,0.09295072695114415,0.013152513536934248,0.12900003937254162,0.0014834885551219808,0.12899150909972373,-0.021127326187955132,-0.02112734729973914,0.22307848697753838
HELDOUT,EO,23,-0.026533587166031283,0.046207473589218964,-0.002099207859567829,0.08982049049781402,0.004421090015368452,0.08971161840221091,-0.07382763527313849,-0.07382761700269108,0.17969958235190187
HELDOUT,EO,24,-0.009652036212736637,0.012398707087049998,-0.0030688187946921234,0.12373959394728039,0.0033729498172553785,0.12369361470895782,-0.05965987994652913,-0.05965992259780309,0.08089215710150466
HELDOUT,EO,25,-0.022776389972144734,0.09343785669697131,0.010948106062516366,0.10651718494439574,0.0038677365419810647,0.10644694125488263,0.06322174530239558,0.06322182517276531,-0.18013086696740363
HELDOUT,EO,26,-0.04724402184417879,0.05117247572058207,-0.01517937706916472,0.1326909039684982,0.01135691258050724,0.1322039959026047,-0.15923588005491843,-0.15923588445628187,0.14834602972320096
HELDOUT,EO,27,-0.0035310727830548862,-0.08323996346064494,-0.020787245818206478,0.12925112628549784,0.002315037684445594,0.1292303921165192,-0.03880196175001413,-0.038801972210397495,0.0455012085451261
HELDOUT,N,0,0.0012287721688943537,0.04762591611327842,0.012149611278175376,1.0353333809071938,0.0012884020923710237,1.0353325792424233,-0.07320860797260956,-0.07320857957759633,-0.008392267256690832
HELDOUT,N,1,0.010042267249149216,0.010001077424938866,0.008212718110166387,0.15416397732782872,0.004674162279059637,0.1540931020926125,0.13040367451452894,0.1304036930890323,0.03850453820159677
HELDOUT,N,2,0.0019717905343346505,0.00500983117042644,0.0024705037736321273,0.2606904736902038,0.006523107680927928,0.260608848926904,0.18077783504014644,0.18077773873099862,0.005453630582342344
HELDOUT,N,3,0.0009243935272032931,0.09738279997554691,0.024438062571587094,1.0839013965263056,0.0004385395269702465,1.0839013078111674,0.008573380261529484,0.008573358068918735,0.05391075021899707
HELDOUT,N,4,-0.01228018861089307,-0.01896898926178798,-0.012679913667493502,0.9617372684486405,0.0028689923700560317,0.9617329891429497,-0.08674140999618693,-0.08674126268428256,0.07078625444923496
HELDOUT,N,5,0.004323545984489652,-0.038542082901233364,-0.00684540835780559,1.217549239457149,0.0024313689870050044,1.2175468118095216,-0.07133498798407494,-0.07133494885188116,-0.030304534230367844
HELDOUT,N,6,-0.001988459924327968,-0.03073262893682895,-0.009173124204798336,0.23554528265582023,0.002291453959085065,0.23553413642222573,-0.0521709657523934,-0.052170802145678,0.019057180689811944
HELDOUT,N,7,-0.03465816670258809,0.5261969415780821,0.09458152523293499,0.30980696590436557,0.0044217080552087845,0.3097754099678398,-0.08875990181353045,-0.0887598506943058,0.19523555104696413
HELDOUT,N,8,-0.8380238284731759,-1.3397488205202135,-0.8703565586919203,0.3848194838709227,0.029111388831922498,0.3837167734240451,0.4190119678456881,0.41901186062748774,-1.0
HELDOUT,N,9,-0.08823556157123337,-0.8030308569437987,-0.2508032534544886,0.5716821126744459,0.009924467345414804,0.5715959612347061,-0.1944475445641796,-0.19444738342353984,0.22688792067254673
HELDOUT,N,10,-0.044292414238490854,0.07221393637097673,-0.015445915831975049,1.594595813788043,0.009688594442184924,1.5945663800820855,-0.2024537272737918,-0.20245375792111234,0.1093889736742468
HELDOUT,N,11,-0.046875635557323825,0.02402856148595417,-0.03794273115544512,0.23297011034466636,0.00500244342137314,0.23291639674746384,0.08447999451954098,0.08447995205696383,-0.27743637771629265
HELDOUT,N,12,-0.4700102062118676,-0.267305852334208,-0.3455010113998355,0.2816155263762928,0.026376622023066728,0.2803775642002204,-0.4813913299286654,-0.4813914123298697,0.48817888562200296
HELDOUT,N,13,-0.074507230161661,-0.5581825086302604,-0.18117246754459848,0.19863808554860413,0.00833029881432155,0.1984633345282667,-0.13519769613620508,-0.13519769693591674,0.275549184899714
HELDOUT,N,14,-0.002180297842871776,-0.03033484522827745,-0.008074592988960395,0.33131515172761516,0.0036146658558448195,0.3312954330428405,0.06262313764515332,0.06262315060968826,-0.017408083490949258
HELDOUT,N,15,-0.016352678451274184,-0.03377789626953394,-0.02180609029077142,0.36541225672194055,0.0032958759932893715,0.3653973926618227,0.07608771071599094,0.07608768046467598,-0.10745941458997024
HELDOUT,N,16,-0.03221005874808711,0.3257065763036118,0.05640608998946963,0.1984118758146757,0.00744338093362235,0.1982722082001794,-0.1268741708231357,-0.12687430125688892,0.12693695644373792
HELDOUT,N,17,0.013086924233653242,-0.024678018446693144,-0.0009064494984308427,0.4936397074517252,0.00960935049082609,0.4935461692244904,0.18529774475825117,0.1852978441275848,0.035313221814101924
HELDOUT,N,18,-0.6338339504462993,1.6370101122265304,-0.014324574019908054,0.4668617675426278,0.03217081753724323,0.46575202467838195,-0.496925511868736,-0.4969254525212234,0.6377555319225918
HELDOUT,N,19,0.00553468692170892,-0.007122230372377762,0.0023376775229382186,0.20811086880752155,0.007326704038331671,0.20798185767935656,0.11924202091246172,0.11924194210885557,0.023207794987934665
HELDOUT,N,20,0.007277797903349099,-0.10892365159758943,-0.020201397748359013,0.31644831693272624,0.0058890366695828755,0.31639351532017757,-0.09370348667318573,-0.09370347644051369,-0.03883419154993552
HELDOUT,N,21,-0.0010518210503595701,0.0015170844112065527,-0.00038433091456208785,0.1428680379943557,0.006080891065241776,0.14273856887404096,0.09310196782278032,0.09310191416876834,-0.005648760053280254
HELDOUT,N,22,-0.07024899935443425,0.08908447502013078,-0.02402811347418713,0.16954332506270356,0.011055844001884575,0.169182467728555,-0.15745359379627466,-0.15745350597039895,0.22307848697753838
HELDOUT,N,23,-0.04275641326644108,0.07076815522473354,-0.009746895896716498,0.09359576437439211,0.0071241762601639055,0.09332423705255159,-0.11896636805057545,-0.11896636783476522,0.17969958235190187
HELDOUT,N,24,-0.0019295537180363878,3.3560982562024985e-05,-0.0011300982263520287,0.13350086393320748,0.0006742916952639516,0.13349916105212975,-0.011926741741096245,-0.01192666738007668,0.08089215710150466
HELDOUT,N,25,-0.05382529908166134,0.10567888564663774,-0.005450898575077644,0.1538211353647287,0.009140257801864381,0.1535493320474226,0.1494060674597369,0.1494061238533796,-0.18013086696740363
HELDOUT,N,26,-0.04642331704141422,-0.025716022508336392,-0.03554867142505812,0.15573026524598801,0.011159624705013891,0.15532990146790482,-0.15646969651573578,-0.15646970016401043,0.14834602972320096
HELDOUT,N,27,-0.002069996586794967,-0.1142168955679029,-0.027852549196411287,0.11251357998138943,0.0013571286686869808,0.11250539490177855,-0.022746630631365304,-0.02274659148254922,0.0455012085451261
HELDOUT,C,0,0.0017413602984652206,0.04770276894606874,0.01235418486324409,0.6691629120414812,0.0018258651269202994,0.6691604210265079,-0.10374788695193823,-0.10374792379895281,-0.008392267256690832
HELDOUT,C,1,0.01121293449022624,0.009057295775773123,0.00889745389421014,0.14848800125437586,0.005219048062699446,0.1483962535033778,0.14560534711428888,0.14560537800904852,0.03850453820159677
HELDOUT,C,2,0.002840201486621142,0.005079805137243435,0.003060741865905216,0.36334384353022425,0.009395998109410195,0.36322233390974745,0.26039544264659187,0.2603955137150455,0.005453630582342344
HELDOUT,C,3,0.003007833533368374,0.09535285668451202,0.024512039974366195,1.129366990633155,0.0014269397784722087,1.1293660891733277,0.02789647595674513,0.02789635796134915,0.05391075021899707
HELDOUT,C,4,-0.02150937271714017,-0.009563052872365134,-0.017408387372974295,1.0827723247302496,0.005025185537901834,1.0827606636335008,-0.15193186703633255,-0.15193182633885266,0.07078625444923496
HELDOUT,C,5,0.0039782479652231036,-0.03714836695576796,-0.007630081682343916,1.765203776538889,0.00223718881676263,1.7652023588510626,-0.06563778254434,-0.06563788514886423,-0.030304534230367844
HELDOUT,C,6,-0.002249776879117194,-0.03123565639083903,-0.009461658739273442,0.2908513114178879,0.0025925894073291155,0.29083975628113534,-0.05902715765778052,-0.05902686700285234,0.019057180689811944
HELDOUT,C,7,-0.03746596915833784,0.49500342749212545,0.08364251304832415,0.38908620567031416,0.004779929043715264,0.3890568438175314,-0.09595068363156474,-0.0959506834986733,0.19523555104696413
HELDOUT,C,8,-1.010055442782531,-1.2461014889194097,-0.9535549159921798,0.43473246576142416,0.03508744708395018,0.43331419067939475,0.5050277600265147,0.5050276827560157,-1.0
HELDOUT,C,9,-0.10410035338104273,-0.8165121100719623,-0.2613863136294431,0.6576088949546411,0.011708890830169825,0.657504646826919,-0.22940916743634662,-0.2294092353788669,0.22688792067254673
HELDOUT,C,10,-0.059419961201235154,0.08716412816877209,-0.021888348844959684,1.3102597231862818,0.012997618570740305,1.3101952541952215,-0.27159935370910615,-0.2715994642831342,0.1093889736742468
HELDOUT,C,11,-0.08935164083450971,0.010830649893149802,-0.06930582113611537,0.303330964416956,0.009535369975621669,0.3031810526625116,0.1610308261896115,0.16103090763925554,-0.27743637771629265
HELDOUT,C,12,-0.5743041067704594,-0.33963446080524773,-0.4357787941448882,0.29564089218564793,0.032229517892109275,0.2938788786367066,-0.588210686718091,-0.5882107515805394,0.48817888562200296
HELDOUT,C,13,-0.12867959194676737,-0.5966292647094504,-0.2317377884699374,0.2341413308525541,0.014387052771868074,0.23369889928269813,-0.2334965602686105,-0.23349662642363156,0.275549184899714
HELDOUT,C,14,-0.0010152477705402075,-0.028285834891822105,-0.006732379281332714,0.370846646202948,0.0016831560253990803,0.3708428265259672,0.02916020578304801,0.02916027338216587,-0.017408083490949258
HELDOUT,C,15,-0.013493054476229607,-0.04849195064662967,-0.020870586542605984,0.4413140963295042,0.002719519891304758,0.4413057169703195,0.06278212046503132,0.0627820707016026,-0.10745941458997024
HELDOUT,C,16,-0.031580608380570446,0.31462859789225345,0.0536030028386123,0.21791416448357745,0.00729792206001772,0.21779192688477128,-0.12439470341132086,-0.12439500500246024,0.12693695644373792
HELDOUT,C,17,0.012785945205067626,-0.020822567728359,0.000309438036502031,0.6248980543259246,0.009388350282952177,0.6248275259455932,0.18103623088234205,0.18103623229805613,0.035313221814101924
HELDOUT,C,18,-0.7191944494043458,1.5510478540479031,-0.09727898646296712,0.5345758541182579,0.03650336715048773,0.5333280866342421,-0.5638481034213166,-0.5638480331159021,0.6377555319225918
HELDOUT,C,19,0.004843664677280967,-0.006904151474170512,0.0018301024129716071,0.23822707258992964,0.006411943087903045,0.23814076740576173,0.10435424142451105,0.10435428430139682,0.023207794987934665
HELDOUT,C,20,0.007534943905581532,-0.1086780232293974,-0.019894994939497736,0.36418948774145166,0.006097113653403292,0.36413844645474946,-0.09701425996093943,-0.09701434227975891,-0.03883419154993552
HELDOUT,C,21,-0.001696377948970436,0.0019031673290259778,-0.0007906573736335709,0.138127310213195,0.009807266654000796,0.13777870425980032,0.15015488702684773,0.15015490361213416,-0.005648760053280254
HELDOUT,C,22,-0.06761047310481688,0.0816050904422461,-0.0231768391290725,0.21504554348539343,0.01064059061922118,0.2147821305514087,-0.15153965690034904,-0.15153964949473403,0.22307848697753838
HELDOUT,C,23,-0.05520028146980849,0.06393188946553735,-0.02036840733912732,0.11428723927105894,0.009197603464793829,0.1139165358967024,-0.1535904644840494,-0.15359044683109743,0.17969958235190187
HELDOUT,C,24,-0.00272577447942696,-0.00202353052387224,-0.0017223484873318032,0.1488637585368866,0.0009525348154133985,0.14886071101252304,-0.016848206620382583,-0.01684819334094638,0.08089215710150466
HELDOUT,C,25,-0.043468013088703863,0.09705887398703307,-0.0008797112458786317,0.16801931030155737,0.007381451706618286,0.16785709042192373,0.12065677060921175,0.12065674672688045,-0.18013086696740363
HELDOUT,C,26,-0.05930358540338453,-0.03787265619172646,-0.047828603989027815,0.19309921044473644,0.014255891197372108,0.19257225823194082,-0.1998826104668922,-0.19988262432934167,0.14834602972320096
HELDOUT,C,27,-0.0036911007133107443,-0.11493267249322113,-0.029201365283197854,0.1325821594245735,0.002419955003308007,0.13256007247834842,-0.04056049330928492,-0.04056044460272847,0.0455012085451261
HELDOUT,CF,0,0.0010360087558461794,0.04380680393540174,0.010838125005274063,0.39824095586723796,0.0010862842457995809,0.3982394743324532,-0.06172399031201324,-0.06172402726871973,-0.008392267256690832
HELDOUT,CF,1,0.0030354194812741214,-0.0022017090351116163,0.001537315482899281,0.09073332291131539,0.0014128326690067213,0.09072232244810764,0.039416396305651205,0.03941637570116237,0.03850453820159677
HELDOUT,CF,2,0.0014355499605966213,0.003731505576641121,0.0017859056902101399,0.09894016619624213,0.004749108392227586,0.09882612233827091,0.13161416826096095,0.13161414156343676,0.005453630582342344
HELDOUT,CF,3,-0.008251253099727457,0.028972423207356143,0.0015806414702581421,0.14809253743421114,0.003914459074820498,0.14804079388416821,-0.07652697977586548,-0.07652696709389784,0.05391075021899707
HELDOUT,CF,4,0.00016416479533802554,0.006796803526972817,0.0014953841071753942,0.8771694887399683,3.835344555203728e-05,0.8771694879014833,0.0011595895627241407,0.001159572492329397,0.07078625444923496
HELDOUT,CF,5,0.00022357641592829838,-0.043492692521893125,-0.010136045129641578,1.3752955850463944,0.00012572938182313668,1.3752955792993107,-0.0036888111738434606,-0.003688844401679353,-0.030304534230367844
HELDOUT,CF,6,-0.002342531349662973,-0.029654093971967572,-0.008913997934116114,0.14725177691733107,0.002699477454784637,0.14722703089712344,-0.06146065550088055,-0.061460535612939515,0.019057180689811944
HELDOUT,CF,7,-0.025598556698696644,0.45007123797906,0.08891325967005226,0.26803555513704247,0.003265878005829236,0.26801565786064363,-0.06555810564385536,-0.06555816166208667,0.19523555104696413
HELDOUT,CF,8,-0.3576697761103561,-1.3802220976927455,-0.5040989576048821,0.22358651128888787,0.012424782651760271,0.2232410195425395,0.17883491680522656,0.1788348593051301,-1.0
HELDOUT,CF,9,-0.018418578971280138,-0.8186406022382977,-0.20398259679534544,0.2223537259367527,0.0020716656900499415,0.22234407489120372,-0.040589620874628064,-0.040589575076762106,0.22688792067254673
HELDOUT,CF,10,-0.021646490871411326,0.012426742135899338,-0.007911255450477675,0.202355522924516,0.004734988479524083,0.20230011750405164,-0.09894274548740828,-0.0989427464806685,0.1093889736742468
HELDOUT,CF,11,0.0321199308124723,-0.10633487537948016,-0.006846856979504115,0.12986033767502722,0.0034277537718143637,0.1298150908221071,-0.05788707170456475,-0.057886970174392524,-0.27743637771629265
HELDOUT,CF,12,-0.236409325586939,-0.022095801568528084,-0.1313176720379944,0.139000341394451,0.013267114929253119,0.13836574203619884,-0.24213389438913002,-0.24213392740681475,0.48817888562200296
HELDOUT,CF,13,-0.019759316881235514,-0.27871572373069764,-0.07818097570543522,0.12443502253278099,0.0022091951832113347,0.1244154101764576,-0.03585443851205952,-0.0358544177069377,0.275549184899714
HELDOUT,CF,14,0.0001263828822362094,-0.017066656705005318,-0.003662627566329837,0.2029613301991073,0.00020952728576787645,0.20296122204625094,-0.003630033536356325,-0.003629977728060965,-0.017408083490949258
HELDOUT,CF,15,-0.008496181811396872,-0.0656393632204171,-0.0203871136381854,0.20710375526286717,0.001712402145632773,0.20709667578904595,0.039532036833767575,0.03953206233162908,-0.10745941458997024
HELDOUT,CF,16,-0.022256043504727974,0.2921930459490869,0.053979490494525974,0.11144827237001013,0.00514312038908653,0.11132953663302173,-0.087665744484048,-0.08766572814813615,0.12693695644373792
HELDOUT,CF,17,0.007767528394403745,-0.01958008361424622,-0.0019784240995289254,0.1809350734499474,0.00570347175979891,0.18084515811661378,0.1099804891583906,0.10998042053413351,0.035313221814101924
HELDOUT,CF,18,-0.3075392447020562,1.2059479362517567,0.11141737654123349,0.19084652501017596,0.01560943354309905,0.19020710210957764,-0.2411106111248711,-0.24111059952451613,0.6377555319225918
HELDOUT,CF,19,0.0020368836680267196,-0.0036137876811831683,0.0010264451670473971,0.11159437963287178,0.002696384458099626,0.11156179936026321,0.043883615514781,0.043883605330011094,0.023207794987934665
HELDOUT,CF,20,0.004748665226834613,-0.07579701190162563,-0.013813468991702646,0.22374911867151734,0.00384251720421271,0.2237161218325941,-0.06114027852852977,-0.0611402437974847,-0.03883419154993552
HELDOUT,CF,21,-0.0019979476799186118,-0.000577331759819945,-0.0014811456114383603,0.10136522983572295,0.011550731173790758,0.10070496725087476,0.1768483850649767,0.17684829545845893,-0.005648760053280254
HELDOUT,CF,22,-0.052351415576180636,0.017615626671983485,-0.030778760044867577,0.11339745839688584,0.008239107876367908,0.113097748307714,-0.11733854210829824,-0.11733857214634472,0.22307848697753838
HELDOUT,CF,23,-0.030495199126570845,0.046065549629340445,-0.004115202937183941,0.09858897117771462,0.005081183314246942,0.09845794439255404,-0.08485051934112407,-0.08485048233873924,0.17969958235190187
HELDOUT,CF,24,0.008057624005542302,0.018497588108124043,0.008010555729819775,0.09457343662726214,0.002815774911944793,0.09453150970515616,0.04980471363358721,0.049804745357986915,0.08089215710150466
HELDOUT,CF,25,-0.033225686733609636,0.08680262025692173,0.002003948325249038,0.12277464473768263,0.0056421672999611245,0.12264493197284357,0.09222650495413484,0.09222653906314696,-0.18013086696740363
HELDOUT,CF,26,-0.04420288319987717,0.02806089489531502,-0.02039295193892044,0.12577465798495882,0.010625858271827741,0.12532500040782124,-0.14898571464079596,-0.1489857462898093,0.14834602972320096
HELDOUT,CF,27,-0.003312412711988604,-0.08013695391175593,-0.019200466025660272,0.1035889551049999,0.0021716800320541745,0.10356618862149973,-0.03639918447979159,-0.036399161276310654,0.0455012085451261
