split,split_label,r_exact,r,gain_a,condition,expected_n,completed_n,status,EM_count,EM_rate,mean_F1,negative_count,decoy_role,UNKNOWN,empty,truncated,malformed
DEV,DEV_ALREADY_OBSERVED,1,1.0,1.0,EO,128,128,COMPLETE,105,0.8203125,0.8587628517316017,0,old answer in CF; specified distractor answer in other conditions,2,0,0,0
DEV,DEV_ALREADY_OBSERVED,1,1.0,1.0,N,128,128,COMPLETE,91,0.7109375,0.7621463605838605,3,old answer in CF; specified distractor answer in other conditions,8,0,0,0
DEV,DEV_ALREADY_OBSERVED,1,1.0,1.0,C,128,128,COMPLETE,87,0.6796875,0.7247517673298923,10,old answer in CF; specified distractor answer in other conditions,5,0,0,0
DEV,DEV_ALREADY_OBSERVED,1,1.0,1.0,QO,128,128,COMPLETE,0,0.0,0.009189551767676767,0,old answer in CF; specified distractor answer in other conditions,100,0,0,0
DEV,DEV_ALREADY_OBSERVED,1,1.0,1.0,CF,128,128,COMPLETE,101,0.7890625,0.8402031562187812,0,old answer in CF; specified distractor answer in other conditions,2,0,0,0
DEV,DEV_ALREADY_OBSERVED,4/5,0.8,0.8944271909999159,EO,128,128,COMPLETE,103,0.8046875,0.8537910287220949,0,old answer in CF; specified distractor answer in other conditions,2,0,0,0
DEV,DEV_ALREADY_OBSERVED,4/5,0.8,0.8944271909999159,N,128,128,COMPLETE,94,0.734375,0.773595659854851,3,old answer in CF; specified distractor answer in other conditions,9,0,0,0
DEV,DEV_ALREADY_OBSERVED,4/5,0.8,0.8944271909999159,C,128,128,COMPLETE,89,0.6953125,0.735510799963925,10,old answer in CF; specified distractor answer in other conditions,6,0,0,0
DEV,DEV_ALREADY_OBSERVED,4/5,0.8,0.8944271909999159,QO,128,128,COMPLETE,0,0.0,0.010373263888888888,0,old answer in CF; specified distractor answer in other conditions,95,0,0,0
DEV,DEV_ALREADY_OBSERVED,4/5,0.8,0.8944271909999159,CF,128,128,COMPLETE,96,0.75,0.8179059655622155,0,old answer in CF; specified distractor answer in other conditions,3,0,0,0
DEV,DEV_ALREADY_OBSERVED,5/4,1.25,1.118033988749895,EO,128,128,COMPLETE,106,0.828125,0.8641013933982684,0,old answer in CF; specified distractor answer in other conditions,2,0,0,0
DEV,DEV_ALREADY_OBSERVED,5/4,1.25,1.118033988749895,N,128,128,COMPLETE,90,0.703125,0.7632593968531468,3,old answer in CF; specified distractor answer in other conditions,8,0,0,0
DEV,DEV_ALREADY_OBSERVED,5/4,1.25,1.118033988749895,C,128,128,COMPLETE,85,0.6640625,0.711469389985015,12,old answer in CF; specified distractor answer in other conditions,6,0,0,0
DEV,DEV_ALREADY_OBSERVED,5/4,1.25,1.118033988749895,QO,128,128,COMPLETE,0,0.0,0.009071180555555555,0,old answer in CF; specified distractor answer in other conditions,107,0,0,0
DEV,DEV_ALREADY_OBSERVED,5/4,1.25,1.118033988749895,CF,128,128,COMPLETE,102,0.796875,0.843884500915751,0,old answer in CF; specified distractor answer in other conditions,4,0,0,0
HELDOUT,STEP13_HELDOUT_REUSED,1,1.0,1.0,EO,128,128,COMPLETE,108,0.84375,0.863661858974359,0,old answer in CF; specified distractor answer in other conditions,3,0,0,0
HELDOUT,STEP13_HELDOUT_REUSED,1,1.0,1.0,N,128,128,COMPLETE,93,0.7265625,0.7528409090909091,10,old answer in CF; specified distractor answer in other conditions,5,0,0,0
HELDOUT,STEP13_HELDOUT_REUSED,1,1.0,1.0,C,128,128,COMPLETE,83,0.6484375,0.6783854166666666,22,old answer in CF; specified distractor answer in other conditions,4,0,0,0
HELDOUT,STEP13_HELDOUT_REUSED,1,1.0,1.0,QO,128,128,COMPLETE,0,0.0,0.016276041666666668,0,old answer in CF; specified distractor answer in other conditions,93,0,0,0
HELDOUT,STEP13_HELDOUT_REUSED,1,1.0,1.0,CF,128,128,COMPLETE,107,0.8359375,0.8680652680652681,0,old answer in CF; specified distractor answer in other conditions,3,0,0,0
HELDOUT,STEP13_HELDOUT_REUSED,4/5,0.8,0.8944271909999159,EO,128,128,COMPLETE,106,0.828125,0.848036858974359,0,old answer in CF; specified distractor answer in other conditions,3,0,0,0
HELDOUT,STEP13_HELDOUT_REUSED,4/5,0.8,0.8944271909999159,N,128,128,COMPLETE,94,0.734375,0.75625,9,old answer in CF; specified distractor answer in other conditions,5,0,0,0
HELDOUT,STEP13_HELDOUT_REUSED,4/5,0.8,0.8944271909999159,C,128,128,COMPLETE,84,0.65625,0.68359375,22,old answer in CF; specified distractor answer in other conditions,4,0,0,0
HELDOUT,STEP13_HELDOUT_REUSED,4/5,0.8,0.8944271909999159,QO,128,128,COMPLETE,0,0.0,0.014322916666666668,0,old answer in CF; specified distractor answer in other conditions,81,0,0,0
HELDOUT,STEP13_HELDOUT_REUSED,4/5,0.8,0.8944271909999159,CF,128,128,COMPLETE,106,0.828125,0.865224358974359,0,old answer in CF; specified distractor answer in other conditions,3,0,0,0
HELDOUT,STEP13_HELDOUT_REUSED,5/4,1.25,1.118033988749895,EO,128,128,COMPLETE,106,0.828125,0.8484739219114219,0,old answer in CF; specified distractor answer in other conditions,3,0,0,0
HELDOUT,STEP13_HELDOUT_REUSED,5/4,1.25,1.118033988749895,N,128,128,COMPLETE,92,0.71875,0.7447916666666666,11,old answer in CF; specified distractor answer in other conditions,5,0,0,0
HELDOUT,STEP13_HELDOUT_REUSED,5/4,1.25,1.118033988749895,C,128,128,COMPLETE,81,0.6328125,0.6663661858974359,23,old answer in CF; specified distractor answer in other conditions,5,0,0,0
HELDOUT,STEP13_HELDOUT_REUSED,5/4,1.25,1.118033988749895,QO,128,128,COMPLETE,0,0.0,0.009244791666666667,0,old answer in CF; specified distractor answer in other conditions,95,0,0,0
HELDOUT,STEP13_HELDOUT_REUSED,5/4,1.25,1.118033988749895,CF,128,128,COMPLETE,108,0.84375,0.8706330128205129,0,old answer in CF; specified distractor answer in other conditions,3,0,0,0
