path_id,data,scale,rho,index,tau,status,R_lo,R_hi,relative_bracket_width,feasible_coeff,dual,actual_R,actual_L1,actual_L2,R_necessary,C_necessary,high_precision_primal_feasible,classification,analytic_reason
STRONG_H3_TRAIN_VO_FIXED_SLOW,STRONG,FIXED,,0,0.0,BRACKET_CLOSED_NUMERICALLY,9.48687760671915,9.48687761101455,4.527730416504042e-10,"[5.2411279917500515, -7.304341078272512, 3.029525638235132]","{""lambda_values"": [220.0683766442693, 101.78801847316097], ""dual_lower"": 45.000423362434645, ""dual_direct"": 45.00042336243615, ""dual_from_phi_exact_residual"": 45.00042336243465, ""dual_compare_scaled"": 3.259198639632721e-14, ""dual_cancellation_ratio"": 11.616003697159016, ""stationarity_residual"": [-1.0766202773737632e-07, -5.812244285863244e-08, 4.612087067812354e-08], ""stationarity_norm"": 1.3075345231574871e-07, ""stationarity_scaled"": 6.546262876574178e-09, ""complementary_residual"": [-2.786108586842839e-08, -1.2888838841007946e-08], ""complementary_max_abs"": 2.786108586842839e-08, ""H"": [[326.19869967063664, 333.5172097796056, 341.8917867365882], [333.51720977960565, 363.574941264018, 392.415282077959], [341.8917867365882, 392.415282077959, 455.111738719042]], ""b"": [309.295613540412, 281.16316334955343, 304.33622965562574], ""linear_solve_c"": [5.241127990941362, -7.3043410731491445, 3.0295256343237305], ""linear_solve_residual"": [1.7053025658242404e-13, 2.2737367544323206e-13, 2.2737367544323206e-13], ""dual_status"": ""RESOLVED_FLOAT64_CANDIDATE""}",1.0,0.40529885995132425,1.304546863436954,1.505924659627594,1.6625483366744014,True,CURRENT_NORM_INSUFFICIENT,
STRONG_H3_TRAIN_VO_FIXED_SLOW,STRONG,FIXED,,10,1.0,BRACKET_CLOSED_NUMERICALLY,23.23266524613188,23.2326652658596,8.491371051902823e-10,"[11.789159755602268, -18.48583111283931, 7.68417176278283]","{""lambda_values"": [1032.702776404718, 1046.976303222553], ""dual_lower"": 269.878367219411, ""dual_direct"": 269.87836721943586, ""dual_from_phi_exact_residual"": 269.8783672194111, ""dual_compare_scaled"": 9.149394570602695e-14, ""dual_cancellation_ratio"": 12.823260904019584, ""stationarity_residual"": [-3.4641792900913515e-07, -1.663919597660879e-07, 1.311896422606651e-07], ""stationarity_norm"": 4.060817504521213e-07, ""stationarity_scaled"": 8.55533388060478e-09, ""complementary_residual"": [-2.5555552087644627e-07, -2.0277289541879165e-07], ""complementary_max_abs"": 2.5555552087644627e-07, ""H"": [[2117.903612927655, 2216.0526042624842, 2348.356051001795], [2216.0526042624842, 2580.4282405603813, 3065.5405583197107], [2348.356051001795, 3065.540558319711, 4037.213096783805]], ""b"": [2047.9011166219507, 1980.1777207408068, 2038.7184961500714], ""linear_solve_c"": [11.789159752409335, -18.48583110631686, 7.684171759654958], ""linear_solve_residual"": [-5.4569682106375694e-12, -2.9558577807620168e-12, -1.3642420526593924e-12], ""dual_status"": ""RESOLVED_FLOAT64_CANDIDATE""}",1.0436371254839945,0.018245426578494674,1.7966482965291988,1.4059622363162454,1.603750332057974,True,CURRENT_NORM_INSUFFICIENT,
STRONG_H3_TRAIN_VO_FIXED_SLOW,STRONG,FIXED,,20,2.0,BRACKET_CLOSED_NUMERICALLY,69.84784022223684,69.84784027164501,7.073686201986396e-10,"[-31.89030113839372, 57.194520414918905, -24.300541525308088]","{""lambda_values"": [10032.310218755909, 10001.799232456733], ""dual_lower"": 2439.360391855551, ""dual_direct"": 2439.3603918636145, ""dual_from_phi_exact_residual"": 2439.360391855604, ""dual_compare_scaled"": 3.282455580156271e-12, ""dual_cancellation_ratio"": 13.777488248218624, ""stationarity_residual"": [9.111131152650387e-06, 3.754945872458393e-06, -3.1190436651229447e-06], ""stationarity_norm"": 1.033638054498925e-05, ""stationarity_scaled"": 7.346622515400475e-08, ""complementary_residual"": [-1.9042188905288002e-06, -1.5467936698021145e-06], ""complementary_max_abs"": 1.9042188905288002e-06, ""H"": [[20385.31315132166, 21323.338588053273, 22606.77154708044], [21323.338588053273, 24781.36982053648, 29506.507408268706], [22606.77154708044, 29506.507408268706, 38950.95328956528]], ""b"": [20127.558250442453, 20326.76471617934, 20144.53007161632], ""linear_solve_c"": [-31.890301173203856, 57.194520472555084, -24.30054154868566], ""linear_solve_residual"": [8.36735125631094e-11, -8.003553375601768e-11, -1.4551915228366852e-11], ""dual_status"": ""RESOLVED_FLOAT64_CANDIDATE""}",1.068688159553088,0.005459871827507959,1.7508460553369916,1.3409161690649152,1.567687980872717,True,CURRENT_NORM_INSUFFICIENT,
STRONG_H3_TRAIN_VO_FIXED_SLOW,STRONG,FIXED,,50,5.0,BRACKET_CLOSED_NUMERICALLY,91.44650502288806,91.44650507246108,5.420985912106696e-10,"[-35.480289204950346, 74.97812363211759, -38.49536783182651]","{""lambda_values"": [946.0954496804553, 33222.6408809172], ""dual_lower"": 4181.2316404503335, ""dual_direct"": 4181.231640468126, ""dual_from_phi_exact_residual"": 4181.231640450345, ""dual_compare_scaled"": 4.251467385883611e-12, ""dual_cancellation_ratio"": 13.706197715101077, ""stationarity_residual"": [-4.4002987706903696e-06, -1.3028552814375871e-06, 1.5180581272034033e-06], ""stationarity_norm"": 4.833690270722494e-06, ""stationarity_scaled"": 2.628533986644283e-08, ""complementary_residual"": [-1.2550816334226934e-07, -4.4079709659938945e-06], ""complementary_max_abs"": 4.4079709659938945e-06, ""H"": [[34197.34933121555, 34265.47791986645, 34330.14441594883], [34265.47791986645, 34508.68886136747, 34734.641959837456], [34330.144415948824, 34734.64195983746, 35121.72467945264]], ""b"": [34277.85846782428, 34524.85473775142, 34271.116431269955], ""linear_solve_c"": [-35.48028918460044, 74.97812360929854, -38.49536782919344], ""linear_solve_residual"": [3.710738383233547e-10, 8.003553375601768e-11, 7.275957614183426e-11], ""dual_status"": ""RESOLVED_FLOAT64_CANDIDATE""}",1.118215015886016,0.00038670043254634295,0.518006625423433,0.7983003439100295,1.369699362110737,True,CURRENT_NORM_INSUFFICIENT,
STRONG_H3_TRAIN_VO_FIXED_SLOW,STRONG,FIXED,,100,10.0,BRACKET_CLOSED_NUMERICALLY,0.6044912573137445,0.6044912575418183,2.2807383702836607e-10,"[0.13359521656730847, 0.25534139977024733, 0.5313781780598387]","{""lambda_values"": [0.0, 1.1428254951955528], ""dual_lower"": 0.18270484008437582, ""dual_direct"": 0.18270484008437593, ""dual_from_phi_exact_residual"": 0.18270484008437582, ""dual_compare_scaled"": 9.387152119424416e-17, ""dual_cancellation_ratio"": 1.5848257212965307, ""stationarity_residual"": [-1.407945454667825e-09, -7.127465284639811e-10, 6.964687715438345e-10], ""stationarity_norm"": 1.7249309455433348e-09, ""stationarity_scaled"": 7.808712535137586e-10, ""complementary_residual"": [-0.0, -1.3786862569769248e-10], ""complementary_max_abs"": 1.3786862569769248e-10, ""H"": [[2.1509982968692176, 1.1743943081040202, 1.227440402856941], [1.1743943081040202, 2.2647653131726746, 1.4696647231480595], [1.2274404028569412, 1.4696647231480595, 3.018863221843897]], ""b"": [1.2394696161747476, 1.516129570801164, 2.143404451983512], ""linear_solve_c"": [0.13359521747152805, 0.25534140011247697, 0.5313781772948795], ""linear_solve_residual"": [0.0, 0.0, 0.0], ""dual_status"": ""RESOLVED_FLOAT64_CANDIDATE""}",1.1039745963246919,0.00013039160017562653,0.036702956444711055,0.5383074007644035,0.7291506194079582,True,ACTUAL_TARGET_MET,
STRONG_H3_TRAIN_VO_FIXED_SLOW,STRONG,FIXED,,200,20.0,BRACKET_CLOSED_NUMERICALLY,0.5529187775111004,0.5529187776915846,1.8048415440917654e-10,"[0.1493050151214658, 0.26689087880250395, 0.46064785465207797]","{""lambda_values"": [0.0, 0.8658691510842124], ""dual_lower"": 0.15285958726218488, ""dual_direct"": 0.15285958726218496, ""dual_from_phi_exact_residual"": 0.15285958726218488, ""dual_compare_scaled"": 7.222625180628359e-17, ""dual_cancellation_ratio"": 1.2193201151474746, ""stationarity_residual"": [-2.1309698450266978e-10, -6.871494484528284e-10, 4.671903974795555e-10], ""stationarity_norm"": 8.578179042257526e-10, ""stationarity_scaled"": 4.073523629744876e-10, ""complementary_residual"": [-0.0, -9.97930933851156e-11], ""complementary_max_abs"": 9.97930933851156e-11, ""H"": [[1.8772446418894817, 0.9085937248141613, 0.9602504737831064], [0.9085937248141613, 2.026336003165909, 1.2203507158278755], [0.9602504737831062, 1.2203507158278755, 2.648941655548506]], ""b"": [0.965114738224018, 1.2386201363131382, 1.6892999767629002], ""linear_solve_c"": [0.1493050151903556, 0.2668908793968945, 0.4606478541769045], ""linear_solve_residual"": [0.0, 0.0, 2.220446049250313e-16], ""dual_status"": ""RESOLVED_FLOAT64_CANDIDATE""}",1.0577784545695532,4.189788314032596e-05,0.012552908502879302,0.5134096216660128,0.7009498513206378,True,ACTUAL_TARGET_MET,
STRONG_H3_TRAIN_VO_FIXED_SLOW,STRONG,FIXED,,400,40.0,BRACKET_CLOSED_NUMERICALLY,0.5314155189742863,0.5314155191380219,1.637355058434427e-10,"[0.15480340224631428, 0.2735639349237592, 0.4284870291417563]","{""lambda_values"": [0.0, 0.7698433871539334], ""dual_lower"": 0.141201226903355, ""dual_direct"": 0.14120122690335501, ""dual_from_phi_exact_residual"": 0.141201226903355, ""dual_compare_scaled"": 2.4321368538082946e-17, ""dual_cancellation_ratio"": 1.0905323624219339, ""stationarity_residual"": [-3.6791686364168186e-10, -6.309768263434989e-10, 5.35762545439411e-10], ""stationarity_norm"": 9.058344655786524e-10, ""stationarity_scaled"": 4.39121987584441e-10, ""complementary_residual"": [-0.0, -8.701160688696345e-11], ""complementary_max_abs"": 8.701160688696345e-11, ""H"": [[1.7842397253491888, 0.8225710172266378, 0.8725741803252736], [0.8225710172266378, 1.9629621466173812, 1.1461023487000819], [0.8725741803252736, 1.1461023487000817, 2.502919793284129]], ""b"": [0.8751188627351386, 1.1554224321087991, 1.5210783860310506], ""linear_solve_c"": [0.15480340246536003, 0.2735639354686562, 0.4284870286018253], ""linear_solve_residual"": [0.0, 0.0, 0.0], ""dual_status"": ""RESOLVED_FLOAT64_CANDIDATE""}",1.02309165712629,1.5264141289464142e-05,0.0048373667659173634,0.5010746330856064,0.6921372856068757,True,ACTUAL_TARGET_MET,
STRONG_H3_TRAIN_VO_JOINT_0.1,STRONG,JOINT,0.1,0,0.0,BRACKET_CLOSED_NUMERICALLY,9.486877606719151,9.48687761101455,4.5277274227533624e-10,"[5.2411279917500515, -7.304341078272512, 3.029525638235132]","{""lambda_values"": [220.0683766442693, 101.78801847316097], ""dual_lower"": 45.000423362434645, ""dual_direct"": 45.00042336243615, ""dual_from_phi_exact_residual"": 45.00042336243465, ""dual_compare_scaled"": 3.259198639632721e-14, ""dual_cancellation_ratio"": 11.616003697159016, ""stationarity_residual"": [-1.0766202773737632e-07, -5.812244285863244e-08, 4.612087067812354e-08], ""stationarity_norm"": 1.3075345231574871e-07, ""stationarity_scaled"": 6.546262876574178e-09, ""complementary_residual"": [-2.786108586842839e-08, -1.2888838841007946e-08], ""complementary_max_abs"": 2.786108586842839e-08, ""H"": [[326.19869967063664, 333.5172097796056, 341.8917867365882], [333.51720977960565, 363.574941264018, 392.415282077959], [341.8917867365882, 392.415282077959, 455.111738719042]], ""b"": [309.295613540412, 281.16316334955343, 304.33622965562574], ""linear_solve_c"": [5.241127990941362, -7.3043410731491445, 3.0295256343237305], ""linear_solve_residual"": [1.7053025658242404e-13, 2.2737367544323206e-13, 2.2737367544323206e-13], ""dual_status"": ""RESOLVED_FLOAT64_CANDIDATE""}",1.0,0.40529885995132425,1.304546863436954,1.505924659627594,1.6625483366744014,,CURRENT_NORM_INSUFFICIENT,
STRONG_H3_TRAIN_VO_JOINT_0.1,STRONG,JOINT,0.1,10,1.0,BRACKET_CLOSED_NUMERICALLY,14.009792573395202,14.009792582698147,6.640315434974614e-10,"[5.910003192626111, -11.10325259579572, 6.169597415336662]","{""lambda_values"": [352.1244309145334, 374.17259060624025], ""dual_lower"": 98.13714397477968, ""dual_direct"": 98.1371439747835, ""dual_from_phi_exact_residual"": 98.13714397477968, ""dual_compare_scaled"": 3.8559915740175905e-14, ""dual_cancellation_ratio"": 12.197219390041942, ""stationarity_residual"": [-9.20390048619879e-08, -2.843659885343186e-08, 3.698978368049666e-08], ""stationarity_norm"": 1.0318945036710861e-07, ""stationarity_scaled"": 3.555855460337675e-09, ""complementary_residual"": [-6.318057687624936e-08, -6.71517661380243e-08], ""complementary_max_abs"": 6.71517661380243e-08, ""H"": [[756.25081753013, 822.3551603288274, 869.171331588473], [822.3551603288274, 1046.5727854544512, 1203.191819411324], [869.171331588473, 1203.191819411324, 1446.4774455608417]], ""b"": [701.0648783871229, 662.968765452395, 701.6461619459607], ""linear_solve_c"": [5.910003191835143, -11.103252592783443, 6.169597413280736], ""linear_solve_residual"": [3.410605131648481e-13, -1.4779288903810084e-12, -4.547473508864641e-13], ""dual_status"": ""RESOLVED_FLOAT64_CANDIDATE""}",1.0001925017375783,0.009457595707393811,1.9422351346824338,1.6637507590065674,1.7656590715171308,,CURRENT_NORM_INSUFFICIENT,
STRONG_H3_TRAIN_VO_JOINT_0.1,STRONG,JOINT,0.1,20,2.0,BRACKET_CLOSED_NUMERICALLY,89.04982609049767,89.04982742780531,1.5017520816161176e-08,"[31.07143823222338, -72.0995452666573, 42.02491003493368]","{""lambda_values"": [15775.16864092184, 15893.75369422362], ""dual_lower"": 3964.93576337394, ""dual_direct"": 3964.9357634218322, ""dual_from_phi_exact_residual"": 3964.935763408654, ""dual_compare_scaled"": 3.32282827242988e-12, ""dual_cancellation_ratio"": 13.373672092479262, ""stationarity_residual"": [-0.0002431783983709579, -5.5097549889637776e-05, 8.526999216940112e-05], ""stationarity_norm"": 0.0002635193446460338, ""stationarity_scaled"": 1.4713559602281563e-06, ""complementary_residual"": [-5.93553307027316e-05, -5.969696154869014e-05], ""complementary_max_abs"": 5.969696154869014e-05, ""H"": [[32918.480096750645, 35860.76463270119, 37935.41271518789], [35860.76463270119, 45744.00593317386, 52710.58980240022], [37935.41271518789, 52710.58980240022, 63134.89351447912]], ""b"": [31512.00482950852, 31281.30117742683, 31536.497429335494], ""linear_solve_c"": [31.07143771824129, -72.09954395409619, 42.0249092465738], ""linear_solve_residual"": [-1.127773430198431e-10, 3.7834979593753815e-10, 6.912159733474255e-11], ""dual_status"": ""RESOLVED_FLOAT64_CANDIDATE""}",0.9862919068769832,0.00406661211430602,1.852911090572144,1.5892280299781947,1.7152395575058825,,CURRENT_NORM_INSUFFICIENT,
STRONG_H3_TRAIN_VO_JOINT_0.1,STRONG,JOINT,0.1,50,5.0,BRACKET_CLOSED_NUMERICALLY,3.9765606645705964,3.9765606671964973,6.603447174269639e-10,"[-0.5578807044147908, 3.464507400361207, -1.8705593635002171]","{""lambda_values"": [29.592087843534756, 45.81958161058044], ""dual_lower"": 7.906517359505072, ""dual_direct"": 7.906517359504953, ""dual_from_phi_exact_residual"": 7.906517359505072, ""dual_compare_scaled"": 1.3362788555372219e-14, ""dual_cancellation_ratio"": 14.352915117992625, ""stationarity_residual"": [-1.1727615212286935e-08, -6.134084351572255e-10, 2.361571826980935e-09], ""stationarity_norm"": 1.1978741585399362e-08, ""stationarity_scaled"": 1.3379402711078635e-09, ""complementary_residual"": [-4.097503449629083e-09, -6.344550321295176e-09], ""complementary_max_abs"": 6.344550321295176e-09, ""H"": [[78.08457225913864, 80.80318101846855, 83.46137505663816], [80.80318101846854, 93.83804355363607, 101.96866842283868], [83.46137505663816, 101.96866842283868, 122.63318963657406]], ""b"": [80.26188584428422, 89.285613280074, 77.31705449492539], ""linear_solve_c"": [-0.5578807029551757, 3.46450739880674, -1.8705593632203263], ""linear_solve_residual"": [1.4210854715202004e-14, 0.0, 2.842170943040401e-14], ""dual_status"": ""RESOLVED_FLOAT64_CANDIDATE""}",1.027682037201275,0.0016421894484521082,0.8893140462486989,1.0320531058212246,1.4299532290733712,,CURRENT_NORM_INSUFFICIENT,
STRONG_H3_TRAIN_VO_JOINT_0.1,STRONG,JOINT,0.1,100,10.0,BRACKET_CLOSED_NUMERICALLY,0.5474210004440414,0.5474210006200749,1.7603352109318848e-10,"[0.15073165670558544, 0.2684753827673385, 0.45262643364545635]","{""lambda_values"": [0.0, 0.8403028653709059], ""dual_lower"": 0.14983487586357758, ""dual_direct"": 0.14983487586357758, ""dual_from_phi_exact_residual"": 0.14983487586357758, ""dual_compare_scaled"": 0.0, ""dual_cancellation_ratio"": 1.1851356315667472, ""stationarity_residual"": [-3.8947806091371717e-10, -7.647868449645046e-10, 5.833357130669015e-10], ""stationarity_norm"": 1.0377247382148798e-09, ""stationarity_scaled"": 4.953713633775458e-10, ""complementary_residual"": [-0.0, -9.636447625722354e-11], ""complementary_max_abs"": 9.636447625722354e-11, ""H"": [[1.8523077206386684, 0.8851545543880263, 0.9365269637020356], [0.8851545543880263, 2.0078745655554604, 1.1998085185452674], [0.9365269637020356, 1.1998085185452674, 2.611580560363447]], ""b"": [0.9407404792407297, 1.2155507565310768, 1.6453537066839872], ""linear_solve_c"": [0.15073165690650178, 0.2684753834136018, 0.4526264330531362], ""linear_solve_residual"": [0.0, 0.0, 0.0], ""dual_status"": ""RESOLVED_FLOAT64_CANDIDATE""}",1.0041244546246668,0.00018576658795735153,0.03929410542918245,0.5103689431732318,0.6984221874518459,,ACTUAL_TARGET_MET,
STRONG_H3_TRAIN_VO_JOINT_0.1,STRONG,JOINT,0.1,200,20.0,BRACKET_CLOSED_NUMERICALLY,0.509575907631373,0.5095759077797039,1.483309031158342e-10,"[0.16048912711768146, 0.280871182413696, 0.3937286181572863]","{""lambda_values"": [0.0, 0.6822433461614945], ""dual_lower"": 0.1298338028191688, ""dual_direct"": 0.1298338028191688, ""dual_from_phi_exact_residual"": 0.1298338028191688, ""dual_compare_scaled"": 0.0, ""dual_cancellation_ratio"": 0.972005101574475, ""stationarity_residual"": [1.2551743533428805e-09, 3.396986025805404e-10, -7.539543434020857e-10], ""stationarity_norm"": 1.5030984498095127e-09, ""stationarity_scaled"": 7.444207207337098e-10, ""complementary_residual"": [-0.0, -7.558581754756499e-11], ""complementary_max_abs"": 7.558581754756499e-11, ""H"": [[1.701769652318251, 0.7507616140332796, 0.7966912766324363], [0.7507616140332796, 1.9226755607575554, 1.0838438278105014], [0.7966912766324363, 1.0838438278105011, 2.353047577331923]], ""b"": [0.7976629824915377, 1.0872535665399872, 1.3587429568731355], ""linear_solve_c"": [0.16048912612018496, 0.28087118220002744, 0.3937286189138518], ""linear_solve_residual"": [0.0, 0.0, 0.0], ""dual_status"": ""RESOLVED_FLOAT64_CANDIDATE""}",0.9411328864028079,5.1022029221252825e-05,0.012390355419109943,0.48738180900535183,0.6866627047672702,,ACTUAL_TARGET_MET,
STRONG_H3_TRAIN_VO_JOINT_0.1,STRONG,JOINT,0.1,400,40.0,BRACKET_CLOSED_NUMERICALLY,0.49080371998225747,0.49080372011842466,1.361671886357385e-10,"[0.16577928439921974, 0.2856345264537402, 0.36306808981748195]","{""lambda_values"": [0.0, 0.6138265739630164], ""dual_lower"": 0.1204441457742111, ""dual_direct"": 0.12044414577421103, ""dual_from_phi_exact_residual"": 0.1204441457742111, ""dual_compare_scaled"": 6.192985103342703e-17, ""dual_cancellation_ratio"": 0.8786191539061342, ""stationarity_residual"": [2.9271393919838573e-09, 5.21050480539742e-10, -1.7464742985140447e-09], ""stationarity_norm"": 3.4481605384239936e-09, ""stationarity_scaled"": 1.740082555408581e-09, ""complementary_residual"": [-0.0, -6.683137725556531e-11], ""complementary_max_abs"": 6.683137725556531e-11, ""H"": [[1.6403316542379305, 0.7015372094883968, 0.7410796124997453], [0.7015372094883969, 1.904078688066114, 1.0349324437368213], [0.7410796124997454, 1.0349324437368213, 2.224778725357045]], ""b"": [0.7413786128246719, 1.0359218958814511, 1.2262142501498667], ""linear_solve_c"": [0.16577928196480338, 0.28563452612696344, 0.3630680915654142], ""linear_solve_residual"": [1.1102230246251565e-16, 0.0, 0.0], ""dual_status"": ""RESOLVED_FLOAT64_CANDIDATE""}",0.897283434945367,1.6431846668386516e-05,0.004436697133319026,0.474751574150736,0.684574604651063,,ACTUAL_TARGET_MET,
STRONG_H3_TRAIN_VO_JOINT_0.003,STRONG,JOINT,0.003,0,0.0,BRACKET_CLOSED_NUMERICALLY,9.48687760671915,9.48687761101455,4.527730416504042e-10,"[5.2411279917500515, -7.304341078272512, 3.029525638235132]","{""lambda_values"": [220.0683766442693, 101.78801847316097], ""dual_lower"": 45.000423362434645, ""dual_direct"": 45.00042336243615, ""dual_from_phi_exact_residual"": 45.00042336243465, ""dual_compare_scaled"": 3.259198639632721e-14, ""dual_cancellation_ratio"": 11.616003697159016, ""stationarity_residual"": [-1.0766202773737632e-07, -5.812244285863244e-08, 4.612087067812354e-08], ""stationarity_norm"": 1.3075345231574871e-07, ""stationarity_scaled"": 6.546262876574178e-09, ""complementary_residual"": [-2.786108586842839e-08, -1.2888838841007946e-08], ""complementary_max_abs"": 2.786108586842839e-08, ""H"": [[326.19869967063664, 333.5172097796056, 341.8917867365882], [333.51720977960565, 363.574941264018, 392.415282077959], [341.8917867365882, 392.415282077959, 455.111738719042]], ""b"": [309.295613540412, 281.16316334955343, 304.33622965562574], ""linear_solve_c"": [5.241127990941362, -7.3043410731491445, 3.0295256343237305], ""linear_solve_residual"": [1.7053025658242404e-13, 2.2737367544323206e-13, 2.2737367544323206e-13], ""dual_status"": ""RESOLVED_FLOAT64_CANDIDATE""}",1.0,0.40529885995132425,1.304546863436954,1.505924659627594,1.6625483366744014,True,CURRENT_NORM_INSUFFICIENT,
STRONG_H3_TRAIN_VO_JOINT_0.003,STRONG,JOINT,0.003,10,1.0,BRACKET_CLOSED_NUMERICALLY,51.06578085971795,51.06578087777771,3.5365689462893016e-10,"[5.227199861522737, -38.04211960338799, 33.66285035980209]","{""lambda_values"": [2273.8623410789105, 4724.187858241685], ""dual_lower"": 1303.8569874063612, ""dual_direct"": 1303.8569874076575, ""dual_from_phi_exact_residual"": 1303.8569874063614, ""dual_compare_scaled"": 9.932352453438048e-13, ""dual_cancellation_ratio"": 8.654307315167422, ""stationarity_residual"": [5.099256865648272e-07, -9.584087479197478e-08, -1.8749082641988934e-07], ""stationarity_norm"": 5.516905736833959e-07, ""stationarity_scaled"": 5.349386398230099e-09, ""complementary_residual"": [-3.001198376193895e-07, -6.221226241428251e-07], ""complementary_max_abs"": 6.221226241428251e-07, ""H"": [[9749.948712862262, 11172.797609184141, 11245.395670514617], [11172.797609184141, 13641.642217067652, 13811.419687739555], [11245.39567051462, 13811.419687739555, 13997.075595382732]], ""b"": [4480.099301486905, 4377.215512131378, 4547.712280500747], ""linear_solve_c"": [5.227199860976352, -38.04211960691027, 33.662850363730016], ""linear_solve_residual"": [-3.3651303965598345e-11, 5.820766091346741e-11, 8.276401786133647e-11], ""dual_status"": ""RESOLVED_FLOAT64_CANDIDATE""}",0.9664339558599874,0.0025749497210391594,1.9651991430903228,4.815704286223932,4.815771350988344,True,CURRENT_NORM_INSUFFICIENT,
STRONG_H3_TRAIN_VO_JOINT_0.003,STRONG,JOINT,0.003,20,2.0,BRACKET_CLOSED_NUMERICALLY,96.5842297520641,96.58422978806138,3.727034515623298e-10,"[6.176742607745406, -70.77425358361211, 65.43215053926681]","{""lambda_values"": [7451.3172218699465, 17040.729051762897], ""dual_lower"": 4664.256718399611, ""dual_direct"": 4664.256718390639, ""dual_from_phi_exact_residual"": 4664.25671839977, ""dual_compare_scaled"": 1.957109300139033e-12, ""dual_cancellation_ratio"": 8.450001565561774, ""stationarity_residual"": [-1.636382510117329e-05, 4.022895382149727e-06, 5.896075464306705e-06], ""stationarity_norm"": 1.7852791520608484e-05, ""stationarity_scaled"": 9.194485839554993e-08, ""complementary_residual"": [-1.0317676558864237e-06, -2.4449840357407706e-06], ""complementary_max_abs"": 2.4449840357407706e-06, ""H"": [[35837.537368000805, 40597.78870723897, 40754.8728139311], [40597.78870723897, 48300.17700137268, 48633.91604014534], [40754.8728139311, 48633.91604014534, 48985.08379849222]], ""b"": [14760.024303739527, 14574.831708578613, 14902.630069352665], ""linear_solve_c"": [6.176742614378277, -70.77425352093024, 65.43215047139549], ""linear_solve_residual"": [-1.2732925824820995e-11, -3.092281986027956e-11, 5.638867150992155e-11], ""dual_status"": ""RESOLVED_FLOAT64_CANDIDATE""}",0.953816168304946,0.002605069574786083,1.9342756589884982,5.763570217670985,5.763592269484873,True,CURRENT_NORM_INSUFFICIENT,
STRONG_H3_TRAIN_VO_JOINT_0.003,STRONG,JOINT,0.003,50,5.0,BRACKET_CLOSED_NUMERICALLY,264.3306072689134,264.33060740127314,5.007354519620973e-10,"[8.298445147198478, -190.52388478589276, 183.03675899489912]","{""lambda_values"": [47615.33343128424, 129657.11224600753], ""dual_lower"": 34935.334969574156, ""dual_direct"": 34935.334970431315, ""dual_from_phi_exact_residual"": 34935.33496957603, ""dual_compare_scaled"": 2.4481146700520328e-11, ""dual_cancellation_ratio"": 8.133511070614336, ""stationarity_residual"": [5.518744187327229e-05, -1.706181140548324e-05, -2.0261769407170505e-05], ""stationarity_norm"": 6.121518151946816e-05, ""stationarity_scaled"": 1.1557421953633032e-07, ""complementary_residual"": [-8.978496656656288e-06, -2.6008465730996516e-05], ""complementary_max_abs"": 2.6008465730996516e-05, ""H"": [[278778.52370356955, 308716.1598679314, 309222.98779140844], [308716.1598679314, 352638.27218888886, 353581.7566028965], [309222.9877914084, 353581.7566028965, 354545.88945527136]], ""b"": [94799.7049534967, 94309.34544015325, 95230.6659129124], ""linear_solve_c"": [8.298445142101867, -190.5238848654464, 183.03675907873867], ""linear_solve_residual"": [-9.793438948690891e-09, -1.5512341633439064e-08, -3.4779077395796776e-09], ""dual_status"": ""RESOLVED_FLOAT64_CANDIDATE""}",0.9342422661228881,0.0026731852172204675,1.9086611523908243,7.899669068495477,7.899672495159675,True,CURRENT_NORM_INSUFFICIENT,
STRONG_H3_TRAIN_VO_JOINT_0.003,STRONG,JOINT,0.003,100,10.0,BRACKET_CLOSED_NUMERICALLY,625.7915921842384,625.7915930116758,1.3222252115202168e-09,"[11.272508134002294, -447.64107692099486, 437.15616740184703]","{""lambda_values"": [222575.1793254481, 742097.3650949161], ""dual_lower"": 195807.55842403398, ""dual_direct"": 195807.5584568961, ""dual_from_phi_exact_residual"": 195807.55842423753, ""dual_compare_scaled"": 1.6678827813294168e-10, ""dual_cancellation_ratio"": 7.867904414601453, ""stationarity_residual"": [0.0005671781391924924, -0.00019676014625247262, -0.00021610368060009932], ""stationarity_norm"": 0.0006380488989882064, ""stationarity_scaled"": 5.093864472299157e-07, ""complementary_residual"": [-0.00013379484916823016, -0.00038401303920244896], ""complementary_max_abs"": 0.00038401303920244896, ""H"": [[1606757.3808591808, 1741026.5333430818, 1742367.9035059814], [1741026.5333430818, 1924754.6957990457, 1927037.7362527794], [1742367.9035059814, 1927037.7362527794, 1929346.0882177511]], ""b"": [444068.21147854574, 442902.1415901941, 445150.35833940754], ""linear_solve_c"": [11.272508118216072, -447.641077240643, 437.15616773548106], ""linear_solve_residual"": [-2.2351741790771484e-08, -7.450580596923828e-09, 4.062894731760025e-08], ""dual_status"": ""RESOLVED_FLOAT64_CANDIDATE""}",0.9309022749520615,0.0027433214553223423,1.8962760677571864,10.91853882699989,10.918539379447807,True,CURRENT_NORM_INSUFFICIENT,
STRONG_H3_TRAIN_VO_JOINT_0.003,STRONG,JOINT,0.003,200,20.0,BRACKET_CLOSED_NUMERICALLY,1471.1026539273614,1471.102685241288,2.128602372606494e-08,"[18.131544844985125, -1048.8013793543728, 1031.421361166244]","{""lambda_values"": [855503.8977900518, 4293442.210654686], ""dual_lower"": 1082071.5090514186, ""dual_direct"": 1082071.5084914211, ""dual_from_phi_exact_residual"": 1082071.5091959757, ""dual_compare_scaled"": 6.511158934016092e-10, ""dual_cancellation_ratio"": 7.565141358338104, ""stationarity_residual"": [-0.014932773851672465, 0.005569148757331277, 0.005925778141772753], ""stationarity_norm"": 0.017003470215576265, ""stationarity_scaled"": 5.777194614644126e-06, ""complementary_residual"": [-0.002756639665422973, -0.043309446763110535], ""complementary_max_abs"": 0.043309446763110535, ""H"": [[9133546.138144976, 9635827.06000943, 9639292.017243885], [9635827.06000943, 10286655.734669344, 10292255.043392455], [9639292.017243885, 10292255.043392455, 10297893.216487093]], ""b"": [1708282.7589671856, 1705413.312720721, 1711007.7953789118], ""linear_solve_c"": [18.131544984880833, -1048.8013766014901, 1031.4213582833443], ""linear_solve_residual"": [-8.901115506887436e-07, -2.451939508318901e-06, -8.658971637487411e-07], ""dual_status"": ""RESOLVED_FLOAT64_CANDIDATE""}",0.9521119747634263,0.0030321890099823437,1.8788515203595222,17.90423990209488,17.904239940021554,True,CURRENT_NORM_INSUFFICIENT,
STRONG_H3_TRAIN_VO_JOINT_0.003,STRONG,JOINT,0.003,400,40.0,BRACKET_CLOSED_NUMERICALLY,2964.683830040679,2964.6838404660793,3.5165303032258242e-09,"[41.51923256542112, -2116.4472592578613, 2075.639040398828]","{""lambda_values"": [1568563.213729278, 18858100.527586173], ""dual_lower"": 4394675.105962226, ""dual_direct"": 4394675.114594573, ""dual_from_phi_exact_residual"": 4394675.106052875, ""dual_compare_scaled"": 1.9436468911104867e-09, ""dual_cancellation_ratio"": 7.366485896938462, ""stationarity_residual"": [-0.0117719178083604, 0.00445726121597545, 0.004780455792570137], ""stationarity_norm"": 0.01346469398163022, ""stationarity_scaled"": 2.2704652908777648e-06, ""complementary_residual"": [-0.0014446058803537774, -0.02946286933895801], ""complementary_max_abs"": 0.02946286933895801, ""H"": [[38624452.62956722, 39595444.61707357, 39602812.51900568], [39595444.61707357, 40828847.485623166, 40841038.87038227], [39602812.51900567, 40841038.87038227, 40853328.48113177]], ""b"": [3131166.592706969, 3124843.790203567, 3137126.4267089907], ""linear_solve_c"": [41.51923260111528, -2116.44725748398, 2075.639038590762], ""linear_solve_residual"": [1.622922718524933e-05, 5.029141902923584e-06, 3.457535058259964e-06], ""dual_status"": ""RESOLVED_FLOAT64_CANDIDATE""}",0.9921652257730278,0.0038081163046484673,1.8474173534499387,41.44338882795414,41.44338882843162,True,CURRENT_NORM_INSUFFICIENT,
WEAK_H3_TRAIN_VO_FIXED_SLOW,WEAK,FIXED,,0,0.0,STATIC_TARGET_INFEASIBLE,,,,,,1.0,0.40529885995132425,0.604634849201236,0.9335924797629174,1.402602220074124,,STATIC_TARGET_INFEASIBLE,Exact WEAK initialization: L1+L2>=1>.2
WEAK_H3_TRAIN_VO_FIXED_SLOW,WEAK,FIXED,,10,1.0,BRACKET_CLOSED_NUMERICALLY,1.1903911231912616,1.1903911239823726,6.645806899808905e-10,"[-0.21157218043173906, 0.08762790134826892, 1.1681564926963655]","{""lambda_values"": [0.0, 7.05655589038839], ""dual_lower"": 0.7085155130862766, ""dual_direct"": 0.7085155130862768, ""dual_from_phi_exact_residual"": 0.7085155130862766, ""dual_compare_scaled"": 1.2996347017296205e-16, ""dual_cancellation_ratio"": 7.0197109699917535, ""stationarity_residual"": [1.606363431161384e-09, -9.151922913952504e-09, 9.774598908052212e-10], ""stationarity_norm"": 9.343100359839576e-09, ""stationarity_scaled"": 2.763591285852317e-09, ""complementary_residual"": [-0.0, -9.417314704056487e-10], ""complementary_max_abs"": 9.417314704056487e-10, ""H"": [[8.06377077353464, 7.085268757439636, 7.16290638733092], [7.085268757439636, 8.170823677903545, 7.479795964779813], [7.162906387330919, 7.479795964779813, 9.624208196136408]], ""b"": [7.282193267974954, 7.954518600678585, 10.382548390711731], ""linear_solve_c"": [-0.21157218457004234, 0.08762790821745661, 1.1681564903361397], ""linear_solve_residual"": [0.0, 0.0, 0.0], ""dual_status"": ""RESOLVED_FLOAT64_CANDIDATE""}",1.1302252605511676,0.008583935117373055,0.1992671682841012,0.6446312586167368,0.9294590891990341,,CURRENT_NORM_INSUFFICIENT,
WEAK_H3_TRAIN_VO_FIXED_SLOW,WEAK,FIXED,,20,2.0,BRACKET_CLOSED_NUMERICALLY,0.7595329561219005,0.7595329565290599,4.071594172927462e-10,"[0.05542436119694777, 0.21986378038890442, 0.7248988690243521]","{""lambda_values"": [0.0, 2.3353373228966126], ""dual_lower"": 0.28844515571763646, ""dual_direct"": 0.2884451557176364, ""dual_from_phi_exact_residual"": 0.2884451557176365, ""dual_compare_scaled"": 8.616765872403673e-17, ""dual_cancellation_ratio"": 3.0386718504254877, ""stationarity_residual"": [-3.1215331659784074e-08, 1.8626363146312386e-08, -3.2627607282620374e-09], ""stationarity_norm"": 3.6496355191423036e-08, ""stationarity_scaled"": 1.4488050908964446e-08, ""complementary_residual"": [-0.0, -3.09250274987284e-10], ""complementary_max_abs"": 3.09250274987284e-10, ""H"": [[3.342018297494234, 2.361685199014149, 2.422087253716936], [2.3616851990141496, 3.4392459017665558, 2.6774545390393585], [2.4220872537169362, 2.6774545390393585, 4.461752397129898]], ""b"": [2.4602466073039393, 2.827944247740473, 3.957237185382071], ""linear_solve_c"": [0.055424386336059214, 0.21986375669708072, 0.7248988703259529], ""linear_solve_residual"": [0.0, 0.0, 0.0], ""dual_status"": ""RESOLVED_FLOAT64_CANDIDATE""}",1.2017642516735945,0.00020205388931435176,0.07069644189574659,0.5859238190092841,0.807047312847435,,ACTUAL_TARGET_MET,
WEAK_H3_TRAIN_VO_FIXED_SLOW,WEAK,FIXED,,50,5.0,BRACKET_CLOSED_NUMERICALLY,0.6310351305187574,0.631035130774969,2.5621160748556804e-10,"[0.12326000723388048, 0.2502611518706369, 0.5660226698227447]","{""lambda_values"": [0.0, 1.3117648710078684], ""dual_lower"": 0.1991026679744126, ""dual_direct"": 0.19910266797441256, ""dual_from_phi_exact_residual"": 0.1991026679744126, ""dual_compare_scaled"": 2.3146955099778983e-17, ""dual_cancellation_ratio"": 1.8030767152674594, ""stationarity_residual"": [-1.5959872590176616e-09, -1.5007324272175993e-09, 1.0110837722621113e-09], ""stationarity_norm"": 2.4128123722289135e-09, ""stationarity_scaled"": 1.066639004650408e-09, ""complementary_residual"": [-0.0, -1.6167850712724796e-10], ""complementary_max_abs"": 1.6167850712724796e-10, ""H"": [[2.3192664897255053, 1.3409408930358127, 1.3948297178982552], [1.3409408930358127, 2.4252390814970965, 1.634828718137796], [1.3948297178982552, 1.6348287181377963, 3.231535529666003]], ""b"": [1.4109634592513087, 1.6975776275169323, 2.410183206348057], ""linear_solve_c"": [0.12326000807537084, 0.2502611527952127, 0.5660226686789099], ""linear_solve_residual"": [0.0, -2.220446049250313e-16, 0.0], ""dual_status"": ""RESOLVED_FLOAT64_CANDIDATE""}",1.2167461322342885,5.238471848439432e-05,0.020382805334220527,0.5488831417791024,0.7442989345766402,,ACTUAL_TARGET_MET,
WEAK_H3_TRAIN_VO_FIXED_SLOW,WEAK,FIXED,,100,10.0,BRACKET_CLOSED_NUMERICALLY,0.5921427896572916,0.5921427898730512,2.157596323826283e-10,"[0.13784785354012566, 0.257755634660632, 0.5149690142850494]","{""lambda_values"": [0.0, 1.070280297162337], ""dual_lower"": 0.17531654167155974, ""dual_direct"": 0.17531654167155986, ""dual_from_phi_exact_residual"": 0.17531654167155974, ""dual_compare_scaled"": 9.446161823317607e-17, ""dual_cancellation_ratio"": 1.4899713661224154, ""stationarity_residual"": [-3.810961268779778e-10, -1.1166305657894782e-09, 6.609153224701458e-10], ""stationarity_norm"": 1.3523709335284247e-09, ""stationarity_scaled"": 6.191365021443861e-10, ""complementary_residual"": [-0.0, -1.2776051761128447e-10], ""complementary_max_abs"": 1.2776051761128447e-10, ""H"": [[2.0789197971793136, 1.103505872933657, 1.1562452989732952], [1.103505872933657, 2.198058395798424, 1.4008823778081043], [1.1562452989732952, 1.4008823778081043, 2.925651733221901]], ""b"": [1.1664399906180876, 1.440088871128747, 2.0270912475438663], ""linear_solve_c"": [0.13784785362884844, 0.2577556355670224, 0.5149690135900771], ""linear_solve_residual"": [0.0, 0.0, 0.0], ""dual_status"": ""RESOLVED_FLOAT64_CANDIDATE""}",1.2079491863527994,2.224095009106235e-05,0.008209781855387673,0.5329070568774948,0.7220473677892657,,ACTUAL_TARGET_MET,
WEAK_H3_TRAIN_VO_FIXED_SLOW,WEAK,FIXED,,200,20.0,BRACKET_CLOSED_NUMERICALLY,0.5694223531558003,0.5694223533503787,1.9457846445192217e-10,"[0.1448118727001718, 0.26265008719306837, 0.4840312693593528]","{""lambda_values"": [0.0, 0.9470860345433294], ""dual_lower"": 0.16212090813674446, ""dual_direct"": 0.1621209081367444, ""dual_from_phi_exact_residual"": 0.16212090813674446, ""dual_compare_scaled"": 4.7767104818947074e-17, ""dual_cancellation_ratio"": 1.327429825279187, ""stationarity_residual"": [-3.1333402539246435e-10, -1.3412529975553866e-09, 8.215474411876755e-10], ""stationarity_norm"": 1.6037699376911804e-09, ""stationarity_scaled"": 7.498300052672135e-10, ""complementary_residual"": [-0.0, -1.1079732232889429e-10], ""complementary_max_abs"": 1.1079732232889429e-10, ""H"": [[1.9570033152592607, 0.9847970951538294, 1.0370129214256545], [0.9847970951538294, 2.0904846266679127, 1.2890384687711154], [1.0370129214256545, 1.2890384687711154, 2.7625157088648136]], ""b"": [1.0440010388858163, 1.315611208682584, 1.8258818337493186], ""linear_solve_c"": [0.1448118727298775, 0.2626500883413058, 0.48403126851502276], ""linear_solve_residual"": [0.0, 0.0, -2.220446049250313e-16], ""dual_status"": ""RESOLVED_FLOAT64_CANDIDATE""}",1.2028119497423286,7.157203452862436e-06,0.002746501827059847,0.5220720304158755,0.7093461599145924,,ACTUAL_TARGET_MET,
WEAK_H3_TRAIN_VO_FIXED_SLOW,WEAK,FIXED,,400,40.0,BRACKET_CLOSED_NUMERICALLY,0.5557122391695718,0.5557122393523503,1.827784590346937e-10,"[0.14856933619775553, 0.2661201920193964, 0.46467546600538495]","{""lambda_values"": [0.0, 0.8791396401720933], ""dual_lower"": 0.15440804638142966, ""dual_direct"": 0.1544080463814298, ""dual_from_phi_exact_residual"": 0.15440804638142988, ""dual_compare_scaled"": 7.212937150593495e-17, ""dual_cancellation_ratio"": 1.237035128440621, ""stationarity_residual"": [3.270496318208416e-08, 1.842725910750076e-08, -2.1009971651331227e-08], ""stationarity_norm"": 4.301857045214534e-08, ""stationarity_scaled"": 2.0374193292736694e-08, ""complementary_residual"": [-0.0, -1.0157134797366555e-10], ""complementary_max_abs"": 1.0157134797366555e-10, ""H"": [[1.8902260693500152, 0.9208797497919361, 0.9726569176051305], [0.9208797497919361, 2.036290037573817, 1.231229690878204], [0.9726569176051306, 1.231229690878204, 2.667985267392071]], ""b"": [0.9778641019749902, 1.2508346008921076, 1.7119093927841227], ""linear_solve_c"": [0.14856931356372088, 0.2661201801404969, 0.4646754876137411], ""linear_solve_residual"": [0.0, 0.0, 2.220446049250313e-16], ""dual_status"": ""RESOLVED_FLOAT64_CANDIDATE""}",1.2022302836513312,1.5822016289564694e-06,0.0006275352463573881,0.5149247117832042,0.7022933319689193,,ACTUAL_TARGET_MET,
WEAK_H3_TRAIN_VO_JOINT_0.1,WEAK,JOINT,0.1,0,0.0,STATIC_TARGET_INFEASIBLE,,,,,,1.0,0.40529885995132425,0.604634849201236,0.9335924797629174,1.402602220074124,,STATIC_TARGET_INFEASIBLE,Exact WEAK initialization: L1+L2>=1>.2
WEAK_H3_TRAIN_VO_JOINT_0.1,WEAK,JOINT,0.1,10,1.0,BRACKET_CLOSED_NUMERICALLY,0.7569233179440048,0.7569233183481081,4.041033063728605e-10,"[0.056986619035467846, 0.22058509786158217, 0.7218224502683566]","{""lambda_values"": [0.0, 2.311900493371021], ""dual_lower"": 0.28646645462368053, ""dual_direct"": 0.28646645462368414, ""dual_from_phi_exact_residual"": 0.286466454623684, ""dual_compare_scaled"": 1.2945028849779662e-16, ""dual_cancellation_ratio"": 3.012091313782178, ""stationarity_residual"": [-2.058258223996967e-07, 8.538114770750838e-08, -9.842367032497634e-09], ""stationarity_norm"": 2.23049505130958e-07, ""stationarity_scaled"": 8.872836627142069e-08, ""complementary_residual"": [-0.0, -3.058502640234719e-10], ""complementary_max_abs"": 3.058502640234719e-10, ""H"": [[3.3185829420162865, 2.3382503503741034, 2.398507995707706], [2.3382503503741034, 3.4158017728181562, 2.653406342964424], [2.398507995707706, 2.653406342964424, 4.434372188879365]], ""b"": [2.4361951284922383, 2.802012132914209, 3.9228141678553947], ""linear_solve_c"": [0.056986774949265045, 0.22058497091482565, 0.7218224441171378], ""linear_solve_residual"": [0.0, 0.0, 0.0], ""dual_status"": ""RESOLVED_FLOAT64_CANDIDATE""}",1.0835130833826803,0.002328829987425985,0.13109195252561934,0.5853380112188713,0.8059588333562632,,SMALL_NORM_SOLUTION_AVAILABLE_NOT_REACHED,
WEAK_H3_TRAIN_VO_JOINT_0.1,WEAK,JOINT,0.1,20,2.0,BRACKET_CLOSED_NUMERICALLY,0.606227072448802,0.6062270726786487,2.298466972305846e-10,"[0.1329692724617239, 0.2550083321456055, 0.5336676744621507]","{""lambda_values"": [0.0, 1.1533358587251363], ""dual_lower"": 0.1837556316849225, ""dual_direct"": 0.1837556316849227, ""dual_from_phi_exact_residual"": 0.1837556316849225, ""dual_compare_scaled"": 1.641293389522102e-16, ""dual_cancellation_ratio"": 1.5985131249825202, ""stationarity_residual"": [-1.6067018548948653e-09, -7.133210133680734e-10, 7.411814495483782e-10], ""stationarity_norm"": 1.907791304044992e-09, ""stationarity_scaled"": 8.622964268201342e-10, ""complementary_residual"": [-0.0, -1.3933930784649572e-10], ""complementary_max_abs"": 1.3933930784649572e-10, ""H"": [[2.161452442421603, 1.184704579869328, 1.2377976253175045], [1.184704579869328, 2.274568720113659, 1.4797610768541922], [1.2377976253175045, 1.4797610768541922, 3.032251210637217]], ""b"": [1.2500888794918215, 1.5272639350917512, 2.160154905100514], ""linear_solve_c"": [0.13296927350910562, 0.2550083324463336, 0.533667673643408], ""linear_solve_residual"": [0.0, 0.0, 0.0], ""dual_status"": ""RESOLVED_FLOAT64_CANDIDATE""}",1.1065631111769085,2.246984865103484e-05,0.04797562637437855,0.5390408124456196,0.73015044873986,,ACTUAL_TARGET_MET,
WEAK_H3_TRAIN_VO_JOINT_0.1,WEAK,JOINT,0.1,50,5.0,BRACKET_CLOSED_NUMERICALLY,0.5535334000213521,0.5535334002023412,1.8098911258590533e-10,"[0.14914384305402445, 0.2667193352190129, 0.4615367108247941]","{""lambda_values"": [0.0, 0.8687725937041013], ""dual_lower"": 0.1531996124695991, ""dual_direct"": 0.15319961246959912, ""dual_from_phi_exact_residual"": 0.1531996124695991, ""dual_compare_scaled"": 2.4068318542173124e-17, ""dual_cancellation_ratio"": 1.2231976502116364, ""stationarity_residual"": [-2.5267754555358124e-10, -7.086132791656041e-10, 4.911550610664506e-10], ""stationarity_norm"": 8.984497846001196e-10, ""stationarity_scaled"": 4.2639833935381813e-10, ""complementary_residual"": [-0.0, -1.0018353095387375e-10], ""complementary_max_abs"": 1.0018353095387375e-10, ""H"": [[1.8800827987593371, 0.9112752328762448, 0.96295971218845], [0.9112752328762446, 2.028493335085459, 1.2227185294368093], [0.96295971218845, 1.2227185294368093, 2.653127364025275]], ""b"": [0.9678987566539619, 1.2412789731907135, 1.694257862013664], ""linear_solve_c"": [0.14914384315000784, 0.26671933582659, 0.46153671032482596], ""linear_solve_residual"": [0.0, 0.0, 0.0], ""dual_status"": ""RESOLVED_FLOAT64_CANDIDATE""}",1.099099700102224,5.400483385286935e-05,0.016626796701693945,0.5137447006307269,0.7012422259199272,,ACTUAL_TARGET_MET,
WEAK_H3_TRAIN_VO_JOINT_0.1,WEAK,JOINT,0.1,100,10.0,BRACKET_CLOSED_NUMERICALLY,0.5327454753541329,0.532745475518855,1.6472212482909754e-10,"[0.1544658707579717, 0.2731188984254143, 0.4305393173447469]","{""lambda_values"": [0.0, 0.775483328630039], ""dual_lower"": 0.1419088707551505, ""dual_direct"": 0.14190887075515046, ""dual_from_phi_exact_residual"": 0.1419088707551505, ""dual_compare_scaled"": 2.4306296523709462e-17, ""dual_cancellation_ratio"": 1.0981271385952789, ""stationarity_residual"": [-2.0197032934987647e-10, -5.438855477102322e-10, 4.174833811987355e-10], ""stationarity_norm"": 7.147698066670735e-10, ""stationarity_scaled"": 3.460532258967152e-10, ""complementary_residual"": [-0.0, -8.775493818556105e-11], ""complementary_max_abs"": 8.775493818556105e-11, ""H"": [[1.7896439291234374, 0.8274492198351114, 0.8776065968923972], [0.8274492198351114, 1.9661852589610564, 1.1502503909804114], [0.8776065968923973, 1.1502503909804114, 2.5119748302049647]], ""b"": [0.8802750726083731, 1.1600430349296866, 1.5312193150360451], ""linear_solve_c"": [0.1544658708541283, 0.27311889890762464, 0.4305393169241481], ""linear_solve_residual"": [0.0, 0.0, 0.0], ""dual_status"": ""RESOLVED_FLOAT64_CANDIDATE""}",1.0883427092070177,2.04334075136856e-05,0.0069243594145994335,0.5018716407385009,0.6925904902415342,,ACTUAL_TARGET_MET,
WEAK_H3_TRAIN_VO_JOINT_0.1,WEAK,JOINT,0.1,200,20.0,BRACKET_CLOSED_NUMERICALLY,0.518484178455963,0.5184841786103978,1.5443479828292084e-10,"[0.1581257766555528, 0.2779596669711682, 0.4081182497311953]","{""lambda_values"": [0.0, 0.7168785511683173], ""dual_lower"": 0.1344129216545774, ""dual_direct"": 0.1344129216545773, ""dual_from_phi_exact_residual"": 0.1344129216545774, ""dual_compare_scaled"": 9.786762857089647e-17, ""dual_cancellation_ratio"": 1.019001501465954, ""stationarity_residual"": [3.217871330507549e-09, 1.3064360704362343e-09, -2.1365497704373126e-09], ""stationarity_norm"": 4.077537986014971e-09, ""stationarity_scaled"": 2.0017679565618257e-09, ""complementary_residual"": [-0.0, -8.007199882755083e-11], ""complementary_max_abs"": 8.007199882755083e-11, ""H"": [[1.7339974397549933, 0.7781722585342172, 0.8261531081187737], [0.7781722585342173, 1.936338976045468, 1.1081330816448234], [0.8261531081187738, 1.1081330816448234, 2.414407992770749]], ""b"": [0.8276583509859209, 1.113522562121105, 1.4240163704745659], ""linear_solve_c"": [0.15812577418518228, 0.277959666059677, 0.4081182518797584], ""linear_solve_residual"": [1.1102230246251565e-16, 2.220446049250313e-16, 2.220446049250313e-16], ""dual_status"": ""RESOLVED_FLOAT64_CANDIDATE""}",1.0823020259017002,5.916868028755835e-06,0.002202912752362619,0.4931012243414556,0.6884494568887795,,ACTUAL_TARGET_MET,
WEAK_H3_TRAIN_VO_JOINT_0.1,WEAK,JOINT,0.1,400,40.0,BRACKET_CLOSED_NUMERICALLY,0.5090826496347098,0.5090826497827138,1.4800394243508208e-10,"[0.1606223525862744, 0.28102454958180784, 0.39292595573693245]","{""lambda_values"": [0.0, 0.6803673115279746], ""dual_lower"": 0.12958257207954835, ""dual_direct"": 0.12958257207954837, ""dual_from_phi_exact_residual"": 0.12958257207954835, ""dual_compare_scaled"": 2.457153315010095e-17, ""dual_cancellation_ratio"": 0.9694542176361477, ""stationarity_residual"": [4.7056403218448395e-09, 1.622828538216936e-09, -3.0842594589408634e-09], ""stationarity_norm"": 5.855704886099495e-09, ""stationarity_scaled"": 2.901499142493634e-09, ""complementary_residual"": [-0.0, -7.53462369190796e-11], ""complementary_max_abs"": 7.53462369190796e-11, ""H"": [[1.7000416076360922, 0.7493191810351486, 0.7951175965427771], [0.7493191810351486, 1.9220206994005258, 1.0825289255837434], [0.7951175965427771, 1.0825289255837436, 2.3496480745406583]], ""b"": [0.796064104695656, 1.0858461221068685, 1.3551685810794858], ""linear_solve_c"": [0.16062234887347157, 0.2810245484423046, 0.3929259588309787], ""linear_solve_residual"": [0.0, 0.0, 2.220446049250313e-16], ""dual_status"": ""RESOLVED_FLOAT64_CANDIDATE""}",1.081622647109931,1.06297021227654e-06,0.0004254250938801313,0.4870599160367595,0.6865806705200088,,ACTUAL_TARGET_MET,
WEAK_H3_TRAIN_VO_JOINT_0.003,WEAK,JOINT,0.003,0,0.0,STATIC_TARGET_INFEASIBLE,,,,,,1.0,0.40529885995132425,0.604634849201236,0.9335924797629174,1.402602220074124,,STATIC_TARGET_INFEASIBLE,Exact WEAK initialization: L1+L2>=1>.2
WEAK_H3_TRAIN_VO_JOINT_0.003,WEAK,JOINT,0.003,10,1.0,BRACKET_CLOSED_NUMERICALLY,0.5230056775838415,0.52300567774142,1.5757850579944943e-10,"[0.15695280789407626, 0.27642228755486037, 0.4153209289054253]","{""lambda_values"": [0.0, 0.7350226177931236], ""dual_lower"": 0.1367674693924666, ""dual_direct"": 0.13676746939246665, ""dual_from_phi_exact_residual"": 0.1367674693924666, ""dual_compare_scaled"": 4.883245934274068e-17, ""dual_cancellation_ratio"": 1.043549604097263, ""stationarity_residual"": [-2.995936831950985e-10, -4.07266664836925e-10, 3.842803297793296e-10], ""stationarity_norm"": 6.350542363870251e-10, ""stationarity_scaled"": 3.103864671548502e-10, ""complementary_residual"": [-0.0, -8.24144341598336e-11], ""complementary_max_abs"": 8.24144341598336e-11, ""H"": [[1.7510947661859741, 0.7930731383537619, 0.8418783967200554], [0.7930731383537619, 1.94469358741036, 1.1209718661450232], [0.8418783967200554, 1.1209718661450232, 2.4454539310804306]], ""b"": [0.843712049594346, 1.1275947830866955, 1.4576449836624918], ""linear_solve_c"": [0.15695280809168924, 0.27642228790636864, 0.41532092851912594], ""linear_solve_residual"": [0.0, 0.0, 0.0], ""dual_status"": ""RESOLVED_FLOAT64_CANDIDATE""}",1.0180459480627126,4.962563231985994e-05,0.05665485833643516,0.49593454089320244,0.6895891153602418,,ACTUAL_TARGET_MET,
WEAK_H3_TRAIN_VO_JOINT_0.003,WEAK,JOINT,0.003,20,2.0,BRACKET_CLOSED_NUMERICALLY,0.49222784639846145,0.4922278465355186,1.3705714341227804e-10,"[0.16535958075673635, 0.28537068149417877, 0.3653875149762214]","{""lambda_values"": [0.0, 0.6188036527850268], ""dual_lower"": 0.12114412638503369, ""dual_direct"": 0.12114412638503358, ""dual_from_phi_exact_residual"": 0.12114412638503369, ""dual_compare_scaled"": 9.902589671543028e-17, ""dual_cancellation_ratio"": 0.8854369614626082, ""stationarity_residual"": [2.7012787839897356e-09, 5.118448442864576e-10, -1.6222443388613783e-09], ""stationarity_norm"": 3.1922670484192707e-09, ""stationarity_scaled"": 1.6086360907756472e-09, ""complementary_residual"": [-0.0, -6.746334050058326e-11], ""complementary_max_abs"": 6.746334050058326e-11, ""H"": [[1.6446671387034772, 0.7048523195504018, 0.7449805044008474], [0.704852319550402, 1.9050903921458824, 1.0385981805771425], [0.7449805044008475, 1.0385981805771425, 2.234366378315517]], ""b"": [0.7453122278307178, 1.0397018353190124, 1.2359847146109504], ""linear_solve_c"": [0.16535957851837954, 0.2853706811684311, 0.3653875165999916], ""linear_solve_residual"": [0.0, 0.0, 0.0], ""dual_status"": ""RESOLVED_FLOAT64_CANDIDATE""}",1.0120040209671766,8.262304083833602e-05,0.01951979869494986,0.4757373769426831,0.6846698847646251,,ACTUAL_TARGET_MET,
WEAK_H3_TRAIN_VO_JOINT_0.003,WEAK,JOINT,0.003,50,5.0,BRACKET_CLOSED_NUMERICALLY,0.4716151753965172,0.47161517552132404,1.248068315362616e-10,"[0.171922171552082, 0.28701874383396636, 0.33239115722112367]","{""lambda_values"": [0.0, 0.5502535238483379], ""dual_lower"": 0.11121043683214384, ""dual_direct"": 0.11121043683214388, ""dual_from_phi_exact_residual"": 0.11121043683214384, ""dual_compare_scaled"": 3.7466677816789063e-17, ""dual_cancellation_ratio"": 0.791250583104162, ""stationarity_residual"": [1.94056712365942e-09, -1.0450995624466941e-10, -9.134724088255552e-10], ""stationarity_norm"": 2.147359991726497e-09, ""stationarity_scaled"": 1.1050465481739322e-09, ""complementary_residual"": [-0.0, -5.886081161941293e-11], ""complementary_max_abs"": 5.886081161941293e-11, ""H"": [[1.5881275492331635, 0.6644677414918967, 0.6945619371117856], [0.6644677414918968, 1.8946818590829833, 0.9854349536752188], [0.6945619371117856, 0.9854349536752187, 2.1001004948797704]], ""b"": [0.694615277544813, 0.9855958089253567, 1.1003037337268367], ""linear_solve_c"": [0.17192216985771344, 0.28701874400817723, 0.33239115813471937], ""linear_solve_residual"": [0.0, 0.0, 0.0], ""dual_status"": ""RESOLVED_FLOAT64_CANDIDATE""}",0.9966505469152646,4.3089595896680314e-05,0.005469065763654765,0.46099022620944,0.6838985813208067,,ACTUAL_TARGET_MET,
WEAK_H3_TRAIN_VO_JOINT_0.003,WEAK,JOINT,0.003,100,10.0,BRACKET_CLOSED_NUMERICALLY,0.4617562905538141,0.46175629067328855,1.1947443034898697e-10,"[0.1756925004487834, 0.285852853257013, 0.31723676260363237]","{""lambda_values"": [0.0, 0.52019108676789], ""dual_lower"": 0.1066094359330092, ""dual_direct"": 0.1066094359330092, ""dual_from_phi_exact_residual"": 0.1066094359330092, ""dual_compare_scaled"": 0.0, ""dual_cancellation_ratio"": 0.7497988841470736, ""stationarity_residual"": [1.0290396590395545e-09, -3.2127039917284606e-10, -2.804168564018994e-10], ""stationarity_norm"": 1.113898964276045e-09, ""stationarity_scaled"": 5.790962716221212e-10, ""complementary_residual"": [-0.0, -5.516807784552516e-11], ""complementary_max_abs"": 5.516807784552516e-11, ""H"": [[1.566950370334082, 0.6519269503115742, 0.6761361796618146], [0.6519269503115742, 1.8913331663729727, 0.9595383117676061], [0.6761361796618146, 0.9595383117676061, 2.040277583886035]], ""b"": [0.6761518591909108, 0.959582486018106, 1.0403298760820432], ""linear_solve_c"": [0.17569249952745714, 0.28585285360217816, 0.31723676288406466], ""linear_solve_residual"": [0.0, 0.0, 0.0], ""dual_status"": ""RESOLVED_FLOAT64_CANDIDATE""}",0.9864850375267227,1.0396810277007032e-05,0.001992498578032376,0.4535376225567899,0.6838066072599422,,ACTUAL_TARGET_MET,
WEAK_H3_TRAIN_VO_JOINT_0.003,WEAK,JOINT,0.003,200,20.0,BRACKET_CLOSED_NUMERICALLY,0.4548233351279235,0.4548233352437947,1.1587120152256603e-10,"[0.17881658114805182, 0.2840957597327203, 0.3068851509778535]","{""lambda_values"": [0.0, 0.5001346167592228], ""dual_lower"": 0.1034321330884437, ""dual_direct"": 0.10343213308844385, ""dual_from_phi_exact_residual"": 0.10343213308844382, ""dual_compare_scaled"": 2.5153858387232783e-17, ""dual_cancellation_ratio"": 0.7221197871480604, ""stationarity_residual"": [-3.887631377930134e-08, -5.92654315068053e-08, 7.751694158786293e-08], ""stationarity_norm"": 1.0503635264940742e-07, ""stationarity_scaled"": 5.500302976078249e-08, ""complementary_residual"": [-0.0, -5.269541098817643e-11], ""complementary_max_abs"": 5.269541098817643e-11, ""H"": [[1.5552968007936274, 0.6464876208522652, 0.6662272353558054], [0.6464876208522652, 1.888429644992676, 0.9408016083730579], [0.6662272353558055, 0.940801608373058, 2.000237330876997]], ""b"": [0.6662325329762803, 0.9408156637025306, 1.0002532819433372], ""linear_solve_c"": [0.17881661508040386, 0.2840958181182004, 0.306885073460676], ""linear_solve_residual"": [0.0, 2.220446049250313e-16, 0.0], ""dual_status"": ""RESOLVED_FLOAT64_CANDIDATE""}",0.9807632718443179,2.248421537108235e-06,0.0006063494612138568,0.4481221451448116,0.683783138465401,,ACTUAL_TARGET_MET,
WEAK_H3_TRAIN_VO_JOINT_0.003,WEAK,JOINT,0.003,400,40.0,BRACKET_CLOSED_NUMERICALLY,0.4502889871517995,0.45028898726553346,1.1373396668901137e-10,"[0.18116976573429555, 0.2824583307428891, 0.3002581879488732]","{""lambda_values"": [0.0, 0.4875018676018915], ""dual_lower"": 0.10138008597509672, ""dual_direct"": 0.10138008597509673, ""dual_from_phi_exact_residual"": 0.10138008597509676, ""dual_compare_scaled"": 2.5200724045283398e-17, ""dual_cancellation_ratio"": 0.7046825029718732, ""stationarity_residual"": [-2.492307621393408e-08, -3.841617002287023e-08, 5.117688883782279e-08], ""stationarity_norm"": 6.867339949580559e-08, ""stationarity_scaled"": 3.613290294640487e-08, ""complementary_residual"": [-0.0, -5.1210804336612965e-11], ""complementary_max_abs"": 5.1210804336612965e-11, ""H"": [[1.5495652647107696, 0.6447202888609121, 0.6614421872440216], [0.6447202888609121, 1.885766112464553, 0.9281258701754335], [0.6614421872440217, 0.9281258701754336, 1.9749910513494302]], ""b"": [0.6614444500832838, 0.9281316023788406, 0.974997393235355], ""linear_solve_c"": [0.18116978785414162, 0.2824583687400209, 0.3002581367719278], ""linear_solve_residual"": [0.0, 0.0, 0.0], ""dual_status"": ""RESOLVED_FLOAT64_CANDIDATE""}",0.9787218203820203,3.985669855237773e-07,0.00013660670339652505,0.444497420298665,0.6837766816483045,,ACTUAL_TARGET_MET,
