path_id,metric,time_unit,endpoint_change,integral_grid_01,integral_grid_02,sum_grid_01,sum_grid_02,endpoint_residual_01,grid_difference,resolution_margin,status,no_new_ODE_or_interpolation
STRONG_H3_TRAIN_VO_FIXED_SLOW,L1,slow tau,-0.4052835958100348,"{""VO"": -0.16086674012546168, ""Q"": -0.24031677678197777, ""beta"": 0.0}","{""VO"": -0.1548829030522807, ""Q"": -0.23159397281622962, ""beta"": 0.0}",-0.4011835169074395,-0.3864768758685103,0.004100078902595339,-0.014706641038929158,0.001,INTEGRAL_UNRESOLVED,True
STRONG_H3_TRAIN_VO_FIXED_SLOW,L2,slow tau,-1.2997094966710365,"{""VO"": 0.6395479771571513, ""Q"": -1.9423728081955824, ""beta"": 0.0}","{""VO"": 0.6254686612546201, ""Q"": -1.9405663926491563, ""beta"": 0.0}",-1.3028248310384312,-1.3150977313945362,-0.00311533436739464,0.012272900356105065,0.0012997094966710366,INTEGRAL_UNRESOLVED,True
STRONG_H3_TRAIN_VO_FIXED_SLOW,J,slow tau,-0.45000489085308487,"{""VO"": -0.12084600426133103, ""Q"": -0.32541957835265795, ""beta"": 0.0}","{""VO"": -0.11586532483693567, ""Q"": -0.31704259380787597, ""beta"": 0.0}",-0.44626558261398896,-0.43290791864481165,0.0037393082390959065,-0.013357663969177314,0.001,INTEGRAL_UNRESOLVED,True
STRONG_H3_TRAIN_VO_JOINT_0.1,L1,slow tau,-0.40528242810465587,"{""VO"": -0.12059079226986487, ""Q"": -0.22063821933524425, ""beta"": -0.058181286394062524}","{""VO"": -0.11126967407458666, ""Q"": -0.2064408056165341, ""beta"": -0.05175231626657199}",-0.3994102979991716,-0.36946279595769277,0.005872130105484263,-0.029947502041478835,0.001,INTEGRAL_UNRESOLVED,True
STRONG_H3_TRAIN_VO_JOINT_0.1,L2,slow tau,-1.300110166303635,"{""VO"": 0.3239023321380176, ""Q"": -1.9086452392652922, ""beta"": 0.27524074577009905}","{""VO"": 0.2995453777092907, ""Q"": -1.906015137872366, ""beta"": 0.2515946144277148}",-1.3095021613571753,-1.3548751457353605,-0.00939199505354038,0.045372984378185155,0.001300110166303635,INTEGRAL_UNRESOLVED,True
STRONG_H3_TRAIN_VO_JOINT_0.1,J,slow tau,-0.4500238150146048,"{""VO"": -0.09836613604947071, ""Q"": -0.30503857033174653, ""beta"": -0.041510184785854436}","{""VO"": -0.0907289214853928, ""Q"": -0.29141952222932566, ""beta"": -0.03658496973185765}",-0.44491489116707167,-0.4187334134465761,0.005108923847533142,-0.02618147772049556,0.001,INTEGRAL_UNRESOLVED,True
STRONG_H3_TRAIN_VO_JOINT_0.003,L1,slow tau,-0.4014907436466758,"{""VO"": -0.019663088719861048, ""Q"": -0.09716465349516436, ""beta"": -0.15163882713329338}","{""VO"": -0.026149694988903457, ""Q"": -0.09257175956095724, ""beta"": -0.16688042669119738}",-0.2684665693483188,-0.28560188124105806,0.133024174298357,0.017135311892739258,0.001,INTEGRAL_UNRESOLVED,True
STRONG_H3_TRAIN_VO_JOINT_0.003,L2,slow tau,0.5428704900129848,"{""VO"": -0.1554547226117048, ""Q"": -0.023795088712132623, ""beta"": 0.623956465559286}","{""VO"": -0.14789225005240944, ""Q"": -0.029860217277054815, ""beta"": 1.1205362908080176}",0.44470665423544853,0.9427838234785534,-0.09816383577753629,-0.49807716924310486,0.001,INTEGRAL_UNRESOLVED,True
STRONG_H3_TRAIN_VO_JOINT_0.003,J,slow tau,-0.35427268196369277,"{""VO"": -0.026452670414453226, ""Q"": -0.09349617525601277, ""beta"": -0.11285906249866436}","{""VO"": -0.032236822742078744, ""Q"": -0.0894361824467621, ""beta"": -0.10250959081623662}",-0.23280790816913033,-0.22418259600507745,0.12146477379456244,-0.008625312164052878,0.001,INTEGRAL_UNRESOLVED,True
WEAK_H3_TRAIN_VO_FIXED_SLOW,L1,slow tau,-0.4052972777496953,"{""VO"": -0.17926641811873456, ""Q"": -0.22185463767627722, ""beta"": 0.0}","{""VO"": -0.1761027865532118, ""Q"": -0.20999777126906435, ""beta"": 0.0}",-0.4011210557950118,-0.38610055782227615,0.004176221954683534,-0.015020497972735636,0.001,INTEGRAL_UNRESOLVED,True
WEAK_H3_TRAIN_VO_FIXED_SLOW,L2,slow tau,-0.6040073139548786,"{""VO"": 0.007621726767914881, ""Q"": -0.61047979399424, ""beta"": 0.0}","{""VO"": 0.004117489906049463, ""Q"": -0.6027536436192359, ""beta"": 0.0}",-0.6028580672263252,-0.5986361537131865,0.0011492467285534325,-0.00422191351313872,0.001,INTEGRAL_UNRESOLVED,True
WEAK_H3_TRAIN_VO_FIXED_SLOW,J,slow tau,-0.4152327795599545,"{""VO"": -0.1699220108744021, ""Q"": -0.24128589549217538, ""beta"": 0.0}","{""VO"": -0.1670917727302487, ""Q"": -0.22963556488657294, ""beta"": 0.0}",-0.41120790636657745,-0.39672733761682166,0.0040248731933770765,-0.014480568749755784,0.001,INTEGRAL_UNRESOLVED,True
WEAK_H3_TRAIN_VO_JOINT_0.1,L1,slow tau,-0.40529779698111196,"{""VO"": -0.13613856927917722, ""Q"": -0.19659864196371496, ""beta"": -0.06557695569534941}","{""VO"": -0.12810937245459292, ""Q"": -0.17685203375062428, ""beta"": -0.056311820603856866}",-0.3983141669382416,-0.36127322680907403,0.006983630042870337,-0.03704094012916759,0.001,INTEGRAL_UNRESOLVED,True
WEAK_H3_TRAIN_VO_JOINT_0.1,L2,slow tau,-0.6042094241073559,"{""VO"": 0.037882597039584236, ""Q"": -0.638473111420596, ""beta"": -0.0037475323987565695}","{""VO"": 0.028669345885483345, ""Q"": -0.6284253784755264, ""beta"": -0.008897843663127045}",-0.6043380467797684,-0.6086538762531701,-0.00012862267241253722,0.0043158294734017,0.001,INTEGRAL_UNRESOLVED,True
WEAK_H3_TRAIN_VO_JOINT_0.1,J,slow tau,-0.4152433783374242,"{""VO"": -0.12743751096323916, ""Q"": -0.21869236543655893, ""beta"": -0.06248548453051976}","{""VO"": -0.12027043653758909, ""Q"": -0.19943070098686935, ""beta"": -0.05394112175682038}",-0.40861536093031786,-0.3736422592812788,0.006628017407106335,-0.03497310164903905,0.001,INTEGRAL_UNRESOLVED,True
WEAK_H3_TRAIN_VO_JOINT_0.003,L1,slow tau,-0.4052984613843387,"{""VO"": -0.036922643980110484, ""Q"": -0.08652093042855509, ""beta"": -0.1693685340809158}","{""VO"": -0.05187907401425104, ""Q"": -0.08844399719676409, ""beta"": -0.24678869758370092}",-0.2928121084895814,-0.38711176879471604,0.11248635289475734,0.09429966030513465,0.001,INTEGRAL_UNRESOLVED,True
WEAK_H3_TRAIN_VO_JOINT_0.003,L2,slow tau,-0.6044982424978395,"{""VO"": 0.04658914556090682, ""Q"": -0.9050879250533272, ""beta"": 0.20441708439508408}","{""VO"": 0.04172048903182765, ""Q"": -0.8295487943568814, ""beta"": 0.26349545343593983}",-0.6540816950973363,-0.5243328518891139,-0.04958345259949681,-0.12974884320822233,0.001,INTEGRAL_UNRESOLVED,True
WEAK_H3_TRAIN_VO_JOINT_0.003,J,slow tau,-0.4152584504400138,"{""VO"": -0.0327470545030596, ""Q"": -0.12744928015979365, ""beta"": -0.15067925315711578}","{""VO"": -0.04719909586194711, ""Q"": -0.12549923705476992, ""beta"": -0.22127449003271887}",-0.31087558781996905,-0.3939728229494359,0.10438286262004476,0.08309723512946687,0.001,INTEGRAL_UNRESOLVED,True
