path_id,data,scale,rho,index,tau,status,E_lower,E_upper,R,coefficient,witness_L,witness_norm,target_impossible_at_current_norm,target_possible_witness
STRONG_H3_TRAIN_VO_FIXED_SLOW,STRONG,FIXED,,0,0.0,VERIFIED_WITNESS_INTERVAL,0.2980562238738369,0.5417804280756344,1.0,"[0.9909912881330076, -0.08991818207899635, -0.09925214041062702]","[0.5417804280756342, 0.5417804280756344]",1.0,True,False
STRONG_H3_TRAIN_VO_FIXED_SLOW,STRONG,FIXED,,10,1.0,VERIFIED_WITNESS_INTERVAL,0.24249722638551494,0.5187255757210164,1.0436371254839945,"[1.0307056657977165, 0.036543044197968805, -0.15965239146203694]","[0.518725575721015, 0.5187255757210164]",1.0436371254829506,True,False
STRONG_H3_TRAIN_VO_FIXED_SLOW,STRONG,FIXED,,20,2.0,VERIFIED_WITNESS_INTERVAL,0.20706573526200267,0.4901122388827257,1.068688159553088,"[0.7805710356725178, 0.6046564578044369, -0.40889339524317103]","[0.4901122388827245, 0.4901122388827257]",1.0686881595530868,True,False
STRONG_H3_TRAIN_VO_FIXED_SLOW,STRONG,FIXED,,50,5.0,VERIFIED_WITNESS_INTERVAL,0.0017816531057188623,0.49397654585283934,1.118215015886016,"[0.8427114837320381, 0.585159315126072, -0.44478169123491973]","[0.4493851534725014, 0.49397654585283934]",1.1182150158848976,False,False
STRONG_H3_TRAIN_VO_FIXED_SLOW,STRONG,FIXED,,100,10.0,VERIFIED_WITNESS_INTERVAL,0.0,0.0015521165761792426,1.1039745963246919,"[-0.05346752065114779, -0.04808016410776268, 1.101630351516614]","[0.0015521165760676997, 0.0015521165761792426]",1.1039745963235879,False,True
STRONG_H3_TRAIN_VO_FIXED_SLOW,STRONG,FIXED,,200,20.0,VERIFIED_WITNESS_INTERVAL,0.0,0.0001599620240553844,1.0577784545695532,"[-0.005663925749428343, -0.051064703443250474, 1.056529968792496]","[0.00015996202401961435, 0.0001599620240553844]",1.0577784545684956,False,True
STRONG_H3_TRAIN_VO_FIXED_SLOW,STRONG,FIXED,,400,40.0,VERIFIED_WITNESS_INTERVAL,0.0,4.0683975334216586e-05,1.02309165712629,"[-0.01174356560268037, -0.011280066847620708, 1.0229620655920075]","[4.0683975334164164e-05, 4.0683975334216586e-05]",1.0230916571262898,False,True
STRONG_H3_TRAIN_VO_JOINT_0.003,STRONG,JOINT,0.003,0,0.0,VERIFIED_WITNESS_INTERVAL,0.2980562238738369,0.5417804280756344,1.0,"[0.9909912881330076, -0.08991818207899635, -0.09925214041062702]","[0.5417804280756342, 0.5417804280756344]",1.0,True,False
STRONG_H3_TRAIN_VO_JOINT_0.003,STRONG,JOINT,0.003,10,1.0,VERIFIED_WITNESS_INTERVAL,0.7443858301897156,0.8325520599019651,0.9664339558599874,"[0.8872495124800395, -0.35405353704284426, -0.14638642884058528]","[0.8325520599019651, 0.8325520599019636]",0.9664339558590209,True,False
STRONG_H3_TRAIN_VO_JOINT_0.003,STRONG,JOINT,0.003,20,2.0,VERIFIED_WITNESS_INTERVAL,0.7864890611631512,0.8603646495942991,0.953816168304946,"[0.8723292197365832, -0.32744791822399644, -0.20392370181674394]","[0.8603646495942991, 0.8603646495942966]",0.9538161683039921,True,False
STRONG_H3_TRAIN_VO_JOINT_0.003,STRONG,JOINT,0.003,50,5.0,VERIFIED_WITNESS_INTERVAL,0.8448086404307102,0.8992699675317539,0.9342422661228881,"[0.8419009274786377, -0.3133447931809989, -0.25656671784479423]","[0.8992699675317537, 0.8992699675317539]",0.9342422661219538,True,False
STRONG_H3_TRAIN_VO_JOINT_0.003,STRONG,JOINT,0.003,100,10.0,VERIFIED_WITNESS_INTERVAL,0.8868033206328838,0.9290454146619171,0.9309022749520615,"[0.8273036031811936, -0.32008150945662356, -0.2823041285179989]","[0.9290454146619171, 0.9290454146619158]",0.9309022749520613,True,False
STRONG_H3_TRAIN_VO_JOINT_0.003,STRONG,JOINT,0.003,200,20.0,VERIFIED_WITNESS_INTERVAL,0.9285988666681882,0.9629019884379154,0.9521119747634263,"[0.8343462949650141, -0.3660406329766954, -0.2764013885172651]","[0.9629019884379141, 0.9629019884379154]",0.9521119747624742,True,False
STRONG_H3_TRAIN_VO_JOINT_0.003,STRONG,JOINT,0.003,400,40.0,VERIFIED_WITNESS_INTERVAL,0.9675286054892125,0.992758634102198,0.9921652257730278,"[0.42328485383569386, -0.7793585728625537, 0.44477183212318316]","[0.992758634102198, 0.9927586341021976]",0.9921652257720355,True,False
