case_id,rho,eta,N,M,Joint_run_id,Hold_run_id,same_N,same_common_scale,common_scale,Joint_common_risk,Hold_common_risk,common_risk_difference,registered_bound,bound_applicable,common_difference_ge_bound,raw_difference
C0_BASE,0.001,0.2,200000,1,C0_BASE_R1_E5_JOINT,C0_BASE_R1_E5_HOLD,True,True,12.738441306378364,0.10000019219041018,8.003928265888804e-15,0.10000019219040217,0.01225,True,True,0.06750730346774432
C0_BASE,0.001,0.2,200000,3,C0_BASE_R1_E5_JOINT,C0_BASE_R1_E5_HOLD,True,True,17.217839979448502,0.06666667073623662,1.1914549379673838e-18,0.06666667073623662,0.01225,True,True,-0.054210839724115806
C0_BASE,0.001,0.2,200000,15,C0_BASE_R1_E5_JOINT,C0_BASE_R1_E5_HOLD,True,True,24.707170663333482,0.05333333333966349,4.754965674286895e-25,0.05333333333966349,0.01225,True,True,-0.436467941346959
C0_BASE,0.001,0.2,200000,63,C0_BASE_R1_E5_JOINT,C0_BASE_R1_E5_HOLD,True,True,31.76061787935651,0.050793650793665136,4.47340959826219e-31,0.050793650793665136,0.01225,True,True,-0.753457652958115
C0_BASE,0.001,0.1,400000,1,C0_BASE_R1_E10_JOINT,C0_BASE_R1_E10_HOLD,True,True,12.738441306378364,0.10000019212876558,8.003439141405108e-15,0.10000019212875758,0.01225,True,True,0.067507325759876
C0_BASE,0.001,0.1,400000,3,C0_BASE_R1_E10_JOINT,C0_BASE_R1_E10_HOLD,True,True,17.217839979448502,0.0666666707344907,1.1913565251476619e-18,0.0666666707344907,0.01225,True,True,-0.05421079453798916
C0_BASE,0.001,0.1,400000,15,C0_BASE_R1_E10_JOINT,C0_BASE_R1_E10_HOLD,True,True,24.707170663333482,0.05333333333965958,4.754402091152889e-25,0.05333333333965958,0.01225,True,True,-0.43646789101187705
C0_BASE,0.001,0.1,400000,63,C0_BASE_R1_E10_JOINT,C0_BASE_R1_E10_HOLD,True,True,31.76061787935651,0.05079365079366511,4.472728032373306e-31,0.05079365079366511,0.01225,True,True,-0.7534575575912437
C0_BASE,0.0003,0.2,666667,1,C0_BASE_R2_E5_JOINT,C0_BASE_R2_E5_HOLD,True,True,12.738441306378364,0.10000697172113666,8.003154342813008e-15,0.10000697172112866,0.01225,True,True,0.06750274861947773
C0_BASE,0.0003,0.2,666667,3,C0_BASE_R2_E5_JOINT,C0_BASE_R2_E5_HOLD,True,True,17.217839979448502,0.06666718195703536,1.1912992240782748e-18,0.06666718195703536,0.01225,True,True,-0.054239103596333674
C0_BASE,0.0003,0.2,666667,15,C0_BASE_R2_E5_JOINT,C0_BASE_R2_E5_HOLD,True,True,24.707170663333482,0.053333339924776846,4.754073953026284e-25,0.053333339924776846,0.01225,True,True,-0.4369979539700023
C0_BASE,0.0003,0.2,666667,63,C0_BASE_R2_E5_JOINT,C0_BASE_R2_E5_HOLD,True,True,31.76061787935651,0.050793650902216124,4.472331211118173e-31,0.050793650902216124,0.01225,True,True,-0.7603376108972071
C0_BASE,0.0003,0.1,1333334,1,C0_BASE_R2_E10_JOINT,C0_BASE_R2_E10_HOLD,True,True,12.738441306378364,0.10000696999165265,8.003007615750216e-15,0.10000696999164464,0.01225,True,True,0.06750275529591256
C0_BASE,0.0003,0.1,1333334,3,C0_BASE_R2_E10_JOINT,C0_BASE_R2_E10_HOLD,True,True,17.217839979448502,0.06666718178409754,1.1912697030829638e-18,0.06666718178409754,0.01225,True,True,-0.05423909018846308
C0_BASE,0.0003,0.1,1333334,15,C0_BASE_R2_E10_JOINT,C0_BASE_R2_E10_HOLD,True,True,24.707170663333482,0.05333333992160091,4.753904901895873e-25,0.05333333992160091,0.01225,True,True,-0.4369979416751163
C0_BASE,0.0003,0.1,1333334,63,C0_BASE_R2_E10_JOINT,C0_BASE_R2_E10_HOLD,True,True,31.76061787935651,0.05079365090214888,4.472126778670644e-31,0.05079365090214888,0.01225,True,True,-0.7603376183159034
C0_BASE,0.0001,0.2,2000000,1,C0_BASE_R3_E5_JOINT,C0_BASE_R3_E5_HOLD,True,True,12.738441306378364,0.10008169797808192,8.00304786150329e-15,0.10008169797807391,0.01225,True,True,0.06750056441128854
C0_BASE,0.0001,0.2,2000000,3,C0_BASE_R3_E5_JOINT,C0_BASE_R3_E5_HOLD,True,True,17.217839979448502,0.06668111094587305,1.1912778003752217e-18,0.06668111094587305,0.01225,True,True,-0.05425212871265936
C0_BASE,0.0001,0.2,2000000,15,C0_BASE_R3_E5_JOINT,C0_BASE_R3_E5_HOLD,True,True,24.707170663333482,0.05333412589809792,4.753951270625711e-25,0.05333412589809792,0.01225,True,True,-0.4372461908506275
C0_BASE,0.0001,0.2,2000000,63,C0_BASE_R3_E5_JOINT,C0_BASE_R3_E5_HOLD,True,True,31.76061787935651,0.050793702111650484,4.472182851871625e-31,0.050793702111650484,0.01225,True,True,-0.7637924045621334
C0_BASE,0.0001,0.1,4000000,1,C0_BASE_R3_E10_JOINT,C0_BASE_R3_E10_HOLD,True,True,12.738441306378364,0.10008168536658464,8.002998952730439e-15,0.10008168536657663,0.01225,True,True,0.06750056662788892
C0_BASE,0.0001,0.1,4000000,3,C0_BASE_R3_E10_JOINT,C0_BASE_R3_E10_HOLD,True,True,17.217839979448502,0.06668110792259684,1.1912679601182562e-18,0.06668110792259684,0.01225,True,True,-0.05425212429717814
C0_BASE,0.0001,0.1,4000000,15,C0_BASE_R3_E10_JOINT,C0_BASE_R3_E10_HOLD,True,True,24.707170663333482,0.05333412565946748,4.753894920915562e-25,0.05333412565946748,0.01225,True,True,-0.43724618778969127
C0_BASE,0.0001,0.1,4000000,63,C0_BASE_R3_E10_JOINT,C0_BASE_R3_E10_HOLD,True,True,31.76061787935651,0.05079370209177618,4.4721147088001405e-31,0.05079370209177618,0.01225,True,True,-0.7637924221341114
C7_CORNER_A,0.001,0.2,200000,1,C7_CORNER_A_R1_E5_JOINT,C7_CORNER_A_R1_E5_HOLD,True,True,12.738441306378364,0.10200029736866226,6.768322707425949e-14,0.10200029736859458,0.01225,True,True,0.06759470574255438
C7_CORNER_A,0.001,0.2,200000,3,C7_CORNER_A_R1_E5_JOINT,C7_CORNER_A_R1_E5_HOLD,True,True,17.217839979448502,0.06800000729182659,2.1196717355115955e-17,0.06800000729182656,0.01225,True,True,-0.05769807752701456
C7_CORNER_A,0.001,0.2,200000,15,C7_CORNER_A_R1_E5_JOINT,C7_CORNER_A_R1_E5_HOLD,True,True,24.707170663333482,0.054400000014622585,2.9335899450541095e-23,0.054400000014622585,0.01225,True,True,-0.442843355614693
C7_CORNER_A,0.001,0.2,200000,63,C7_CORNER_A_R1_E5_JOINT,C7_CORNER_A_R1_E5_HOLD,True,True,31.76061787935651,0.05180952380956586,8.902661082062765e-29,0.05180952380956586,0.01225,True,True,-0.755575766740302
C7_CORNER_A,0.001,0.1,400000,1,C7_CORNER_A_R1_E10_JOINT,C7_CORNER_A_R1_E10_HOLD,True,True,12.738441306378364,0.10200029728746689,6.767913599148198e-14,0.1020002972873992,0.01225,True,True,0.06759473167988575
C7_CORNER_A,0.001,0.1,400000,3,C7_CORNER_A_R1_E10_JOINT,C7_CORNER_A_R1_E10_HOLD,True,True,17.217839979448502,0.06800000728915032,2.119498561017827e-17,0.06800000728915029,0.01225,True,True,-0.05769802710826975
C7_CORNER_A,0.001,0.1,400000,15,C7_CORNER_A_R1_E10_JOINT,C7_CORNER_A_R1_E10_HOLD,True,True,24.707170663333482,0.054400000014614903,2.9332460298586736e-23,0.054400000014614903,0.01225,True,True,-0.44284330082523893
C7_CORNER_A,0.001,0.1,400000,63,C7_CORNER_A_R1_E10_JOINT,C7_CORNER_A_R1_E10_HOLD,True,True,31.76061787935651,0.05180952380956584,8.901319459180608e-29,0.05180952380956584,0.01225,True,True,-0.755575674155281
C7_CORNER_A,0.0003,0.2,666667,1,C7_CORNER_A_R2_E5_JOINT,C7_CORNER_A_R2_E5_HOLD,True,True,12.738441306378364,0.10200984034065662,6.767666463224821e-14,0.10200984034058894,0.01225,True,True,0.06758987456237878
C7_CORNER_A,0.0003,0.2,666667,3,C7_CORNER_A_R2_E5_JOINT,C7_CORNER_A_R2_E5_HOLD,True,True,17.217839979448502,0.06800082170471242,2.1193939507932857e-17,0.06800082170471239,0.01225,True,True,-0.05772760104302252
C7_CORNER_A,0.0003,0.2,666667,15,C7_CORNER_A_R2_E5_JOINT,C7_CORNER_A_R2_E5_HOLD,True,True,24.707170663333482,0.05440001288777805,2.933038285521945e-23,0.05440001288777805,0.01225,True,True,-0.4433958124438154
C7_CORNER_A,0.0003,0.2,666667,63,C7_CORNER_A_R2_E5_JOINT,C7_CORNER_A_R2_E5_HOLD,True,True,31.76061787935651,0.051809524066670984,8.900509064416187e-29,0.051809524066670984,0.01225,True,True,-0.7627030352841764
C7_CORNER_A,0.0003,0.1,1333334,1,C7_CORNER_A_R2_E10_JOINT,C7_CORNER_A_R2_E10_HOLD,True,True,12.738441306378364,0.10200983815820448,6.767543739493913e-14,0.1020098381581368,0.01225,True,True,0.0675898823291976
C7_CORNER_A,0.0003,0.1,1333334,3,C7_CORNER_A_R2_E10_JOINT,C7_CORNER_A_R2_E10_HOLD,True,True,17.217839979448502,0.06800082145807869,2.119342003534815e-17,0.06800082145807866,0.01225,True,True,-0.05772758604937615
C7_CORNER_A,0.0003,0.1,1333334,15,C7_CORNER_A_R2_E10_JOINT,C7_CORNER_A_R2_E10_HOLD,True,True,24.707170663333482,0.05440001288222373,2.932935125668989e-23,0.05440001288222373,0.01225,True,True,-0.44339579848031213
C7_CORNER_A,0.0003,0.1,1333334,63,C7_CORNER_A_R2_E10_JOINT,C7_CORNER_A_R2_E10_HOLD,True,True,31.76061787935651,0.051809524066528514,8.900106651810535e-29,0.051809524066528514,0.01225,True,True,-0.7627030389446663
C7_CORNER_A,0.0001,0.2,2000000,1,C7_CORNER_A_R3_E5_JOINT,C7_CORNER_A_R3_E5_HOLD,True,True,12.738441306378364,0.10210914731308862,6.767586328950702e-14,0.10210914731302094,0.01225,True,True,0.0675875751690751
C7_CORNER_A,0.0001,0.2,2000000,3,C7_CORNER_A_R3_E5_JOINT,C7_CORNER_A_R3_E5_HOLD,True,True,17.217839979448502,0.06802140234817082,2.1193600310255066e-17,0.06802140234817079,0.01225,True,True,-0.05774130699085288
C7_CORNER_A,0.0001,0.2,2000000,15,C7_CORNER_A_R3_E5_JOINT,C7_CORNER_A_R3_E5_HOLD,True,True,24.707170663333482,0.05440139619601523,2.932970925572001e-23,0.05440139619601523,0.01225,True,True,-0.4436566791056475
C7_CORNER_A,0.0001,0.2,2000000,63,C7_CORNER_A_R3_E5_JOINT,C7_CORNER_A_R3_E5_HOLD,True,True,31.76061787935651,0.05180963016287495,8.900246301922615e-29,0.05180963016287495,0.01225,True,True,-0.7663159036718985
C7_CORNER_A,0.0001,0.1,4000000,1,C7_CORNER_A_R3_E10_JOINT,C7_CORNER_A_R3_E10_HOLD,True,True,12.738441306378364,0.10210913202167216,6.767545421188067e-14,0.10210913202160447,0.01225,True,True,0.06758757774933785
C7_CORNER_A,0.0001,0.1,4000000,3,C7_CORNER_A_R3_E10_JOINT,C7_CORNER_A_R3_E10_HOLD,True,True,17.217839979448502,0.06802139828134021,2.1193427153704673e-17,0.06802139828134018,0.01225,True,True,-0.057741302045114115
C7_CORNER_A,0.0001,0.1,4000000,15,C7_CORNER_A_R3_E10_JOINT,C7_CORNER_A_R3_E10_HOLD,True,True,24.707170663333482,0.05440139581420578,2.9329365392657154e-23,0.05440139581420578,0.01225,True,True,-0.44365667545384124
C7_CORNER_A,0.0001,0.1,4000000,63,C7_CORNER_A_R3_E10_JOINT,C7_CORNER_A_R3_E10_HOLD,True,True,31.76061787935651,0.05180963012545817,8.900112166032497e-29,0.05180963012545817,0.01225,True,True,-0.7663159193804921
C8_CORNER_B,0.001,0.2,200000,1,C8_CORNER_B_R1_E5_JOINT,C8_CORNER_B_R1_E5_HOLD,True,True,12.738441306378364,0.09800011945376423,1.0940338269544818e-15,0.09800011945376313,0.01225,True,True,0.06722927790847305
C8_CORNER_B,0.001,0.2,200000,3,C8_CORNER_B_R1_E5_JOINT,C8_CORNER_B_R1_E5_HOLD,True,True,17.217839979448502,0.065333335503024,8.14655220962419e-20,0.065333335503024,0.01225,True,True,-0.050995014000409886
C8_CORNER_B,0.001,0.2,200000,15,C8_CORNER_B_R1_E5_JOINT,C8_CORNER_B_R1_E5_HOLD,True,True,24.707170663333482,0.052266666669233575,1.0211016519042678e-26,0.052266666669233575,0.01225,True,True,-0.4301443513399048
C8_CORNER_B,0.001,0.2,200000,63,C8_CORNER_B_R1_E5_JOINT,C8_CORNER_B_R1_E5_HOLD,True,True,31.76061787935651,0.04977777777778226,3.22744648594617e-33,0.04977777777778226,0.01225,True,True,-0.7512794958706707
C8_CORNER_B,0.001,0.1,400000,1,C8_CORNER_B_R1_E10_JOINT,C8_CORNER_B_R1_E10_HOLD,True,True,12.738441306378364,0.09800011940914137,1.0939654581175021e-15,0.09800011940914027,0.01225,True,True,0.06722929731441435
C8_CORNER_B,0.001,0.1,400000,3,C8_CORNER_B_R1_E10_JOINT,C8_CORNER_B_R1_E10_HOLD,True,True,17.217839979448502,0.06533333550195047,8.145864097843946e-20,0.06533333550195047,0.01225,True,True,-0.05099497286808162
C8_CORNER_B,0.001,0.1,400000,15,C8_CORNER_B_R1_E10_JOINT,C8_CORNER_B_R1_E10_HOLD,True,True,24.707170663333482,0.05226666666923177,1.0209778889987388e-26,0.05226666666923177,0.01225,True,True,-0.4301443032171254
C8_CORNER_B,0.001,0.1,400000,63,C8_CORNER_B_R1_E10_JOINT,C8_CORNER_B_R1_E10_HOLD,True,True,31.76061787935651,0.04977777777778226,3.226943635336094e-33,0.04977777777778226,0.01225,True,True,-0.7512793885764213
C8_CORNER_B,0.0003,0.2,666667,1,C8_CORNER_B_R2_E5_JOINT,C8_CORNER_B_R2_E5_HOLD,True,True,12.738441306378364,0.0980048227303021,1.0939271062428233e-15,0.098004822730301,0.01225,True,True,0.0672250242680417
C8_CORNER_B,0.0003,0.2,666667,3,C8_CORNER_B_R2_E5_JOINT,C8_CORNER_B_R2_E5_HOLD,True,True,17.217839979448502,0.06533364625993708,8.145478104381304e-20,0.06533364625993708,0.01225,True,True,-0.05102210771884508
C8_CORNER_B,0.0003,0.2,666667,15,C8_CORNER_B_R2_E5_JOINT,C8_CORNER_B_R2_E5_HOLD,True,True,24.707170663333482,0.05226666988624361,1.0209084666986336e-26,0.05226666988624361,0.01225,True,True,-0.4306537102088464
C8_CORNER_B,0.0003,0.2,666667,63,C8_CORNER_B_R2_E5_JOINT,C8_CORNER_B_R2_E5_HOLD,True,True,31.76061787935651,0.04977777782098123,3.2266615790689814e-33,0.04977777782098123,0.01225,True,True,-0.7579321938413106
C8_CORNER_B,0.0003,0.1,1333334,1,C8_CORNER_B_R2_E10_JOINT,C8_CORNER_B_R2_E10_HOLD,True,True,12.738441306378364,0.09800482140019154,1.093906597024426e-15,0.09800482140019044,0.01225,True,True,0.0672250300845206
C8_CORNER_B,0.0003,0.1,1333334,3,C8_CORNER_B_R2_E10_JOINT,C8_CORNER_B_R2_E10_HOLD,True,True,17.217839979448502,0.06533364614322354,8.145271690760135e-20,0.06533364614322354,0.01225,True,True,-0.05102209555074422
C8_CORNER_B,0.0003,0.1,1333334,15,C8_CORNER_B_R2_E10_JOINT,C8_CORNER_B_R2_E10_HOLD,True,True,24.707170663333482,0.05226666988451984,1.0208713430603313e-26,0.05226666988451984,0.01225,True,True,-0.43065369906842915
C8_CORNER_B,0.0003,0.1,1333334,63,C8_CORNER_B_R2_E10_JOINT,C8_CORNER_B_R2_E10_HOLD,True,True,31.76061787935651,0.049777777820951497,3.226510751469726e-33,0.049777777820951497,0.01225,True,True,-0.7579322042779626
C8_CORNER_B,0.0001,0.2,2000000,1,C8_CORNER_B_R3_E5_JOINT,C8_CORNER_B_R3_E5_HOLD,True,True,12.738441306378364,0.09806003804835586,1.0939107658408677e-15,0.09806003804835477,0.01225,True,True,0.06722295498732633
C8_CORNER_B,0.0001,0.2,2000000,3,C8_CORNER_B_R3_E5_JOINT,C8_CORNER_B_R3_E5_HOLD,True,True,17.217839979448502,0.0653428429434441,8.145313647417181e-20,0.0653428429434441,0.01225,True,True,-0.05103445657500208
C8_CORNER_B,0.0001,0.2,2000000,15,C8_CORNER_B_R3_E5_JOINT,C8_CORNER_B_R3_E5_HOLD,True,True,24.707170663333482,0.05226710091928506,1.0208788889621522e-26,0.05226710091928506,0.01225,True,True,-0.43088938274112454
C8_CORNER_B,0.0001,0.2,2000000,63,C8_CORNER_B_R3_E5_JOINT,C8_CORNER_B_R3_E5_HOLD,True,True,31.76061787935651,0.04977780144024476,3.226541409174663e-33,0.04977780144024476,0.01225,True,True,-0.76122851484318
C8_CORNER_B,0.0001,0.1,4000000,1,C8_CORNER_B_R3_E10_JOINT,C8_CORNER_B_R3_E10_HOLD,True,True,12.738441306378364,0.09806002786838221,1.0939039294773798e-15,0.09806002786838111,0.01225,True,True,0.06722295691718475
C8_CORNER_B,0.0001,0.1,4000000,3,C8_CORNER_B_R3_E10_JOINT,C8_CORNER_B_R3_E10_HOLD,True,True,17.217839979448502,0.06534284075785314,8.145244843516078e-20,0.06534284075785314,0.01225,True,True,-0.051034452574184375
C8_CORNER_B,0.0001,0.1,4000000,15,C8_CORNER_B_R3_E10_JOINT,C8_CORNER_B_R3_E10_HOLD,True,True,24.707170663333482,0.05226710077577653,1.0208665145942468e-26,0.05226710077577653,0.01225,True,True,-0.4308893800948604
C8_CORNER_B,0.0001,0.1,4000000,63,C8_CORNER_B_R3_E10_JOINT,C8_CORNER_B_R3_E10_HOLD,True,True,31.76061787935651,0.04977780143018802,3.226491134274098e-33,0.04977780143018802,0.01225,True,True,-0.7612285339562153
