run_id,case_id,rho,p,phi_e0,phi_h0,r_e0,r_h0,beta0,a0,g0,b_star,c_star,status,log1p_T0,B_rho,sqrt_rho_B,c_star_relative_error,b_star_relative_error
C0_BASE_R1,C0_BASE,0.00047,0.05,0.1001674211615598,-0.8,1.0,1.0,1.0,1.4347121817990456,0.2,0.3572969934010806,0.5126183489527035,COMPLETE,26.601868990288967,17.38677235557905,0.3769362424655158,0.12503732662131,0.05496617499489938
C0_BASE_R2,C0_BASE,4.7e-05,0.05,0.1001674211615598,-0.8,1.0,1.0,1.0,1.4347121817990456,0.2,0.3572969934010806,0.5126183489527035,COMPLETE,77.77635261487033,53.056764803308084,0.36373885370619524,0.0401652822141677,0.018029427686460736
C0_BASE_R3,C0_BASE,4.7e-06,0.05,0.1001674211615598,-0.8,1.0,1.0,1.0,1.4347121817990456,0.2,0.3572969934010806,0.5126183489527035,COMPLETE,239.47125892775355,165.7589135368501,0.3593567612547587,0.012763821388148093,0.005764861982384186
C1_P_HIGH_R1,C1_P_HIGH,0.00047,0.051,0.1001674211615598,-0.8,1.0,1.0,1.0,1.4347121817990456,0.2,0.3572969934010806,0.5126183489527035,COMPLETE,26.556542300030145,17.368615219673636,0.3765426051392684,0.12312038542999776,0.053864465958670386
C1_P_HIGH_R2,C1_P_HIGH,4.7e-05,0.051,0.1001674211615598,-0.8,1.0,1.0,1.0,1.4347121817990456,0.2,0.3572969934010806,0.5126183489527035,COMPLETE,77.73191680777158,53.03950263579735,0.3636205102480874,0.0395710066756868,0.01769820895164478
C1_P_HIGH_R3,C1_P_HIGH,4.7e-06,0.051,0.1001674211615598,-0.8,1.0,1.0,1.0,1.4347121817990456,0.2,0.3572969934010806,0.5126183489527035,COMPLETE,239.42716555151839,165.74195586515864,0.35931999789858415,0.012577343159346253,0.0056619689918090835
C2_BETA_LOW_R1,C2_BETA_LOW,0.00047,0.05,0.1001674211615598,-0.8,1.0,1.0,0.99,1.4347121817990456,0.2,0.3572969934010806,0.5126183489527035,COMPLETE,26.60046775045721,17.385802559481405,0.3769152177871265,0.12497806585602865,0.0549073312912645
C2_BETA_LOW_R2,C2_BETA_LOW,4.7e-05,0.05,0.1001674211615598,-0.8,1.0,1.0,0.99,1.4347121817990456,0.2,0.3572969934010806,0.5126183489527035,COMPLETE,77.77584882871668,53.056425957634836,0.3637365306972966,0.04015854467956918,0.018022926067523173
C2_BETA_LOW_R3,C2_BETA_LOW,4.7e-06,0.05,0.1001674211615598,-0.8,1.0,1.0,0.99,1.4347121817990456,0.2,0.3572969934010806,0.5126183489527035,COMPLETE,239.4710938006238,165.75880336769993,0.35935652241373256,0.012763123038025877,0.005764193516008776
C3_RE_LOW_R1,C3_RE_LOW,0.00047,0.05,0.1001674211615598,-0.8,0.95,1.0,1.0,1.4347121817990456,0.2,0.3394321437310266,0.48698743150506835,COMPLETE,25.455494500510234,16.566459565551046,0.35915228496058293,0.13321604310987778,0.05809744773371555
C3_RE_LOW_R2,C3_RE_LOW,4.7e-05,0.05,0.1001674211615598,-0.8,0.95,1.0,1.0,1.4347121817990456,0.2,0.3394321437310266,0.48698743150506835,COMPLETE,74.07169482705656,50.45550907158269,0.34590554288217246,0.042757826072001036,0.019071261430901862
C3_RE_LOW_R3,C3_RE_LOW,4.7e-06,0.05,0.1001674211615598,-0.8,0.95,1.0,1.0,1.4347121817990456,0.2,0.3394321437310266,0.48698743150506835,COMPLETE,227.68211126014913,157.5233661558308,0.34150251999041015,0.013584792878242637,0.0060995291625184625
C4_RH_HIGH_R1,C4_RH_HIGH,0.00047,0.05,0.1001674211615598,-0.8,1.0,1.05,1.0,1.4347121817990456,0.2,0.3572969934010806,0.5126183489527035,COMPLETE,26.638964407455365,17.392640622217037,0.3770634634546144,0.12660615357004873,0.05532224009325791
C4_RH_HIGH_R2,C4_RH_HIGH,4.7e-05,0.05,0.1001674211615598,-0.8,1.0,1.05,1.0,1.4347121817990456,0.2,0.3572969934010806,0.5126183489527035,COMPLETE,77.8097409290045,53.061896113662606,0.3637740321976333,0.04061181080578216,0.018127884970142918
C4_RH_HIGH_R3,C4_RH_HIGH,4.7e-06,0.05,0.1001674211615598,-0.8,1.0,1.05,1.0,1.4347121817990456,0.2,0.3572969934010806,0.5126183489527035,COMPLETE,239.5035216416,165.76381741718785,0.3593673926139909,0.012900265776129433,0.005794616946541703
C5_G_LOW_R1,C5_G_LOW,0.00047,0.05,0.09514347930589002,-0.8,1.0,1.0,1.0,1.4347121817990456,0.19,0.3586718630352909,0.5145908911652907,COMPLETE,26.676185433867584,17.44140335488679,0.37812061430751487,0.12385572484042445,0.05422435734890731
C5_G_LOW_R2,C5_G_LOW,4.7e-05,0.05,0.09514347930589002,-0.8,1.0,1.0,1.0,1.4347121817990456,0.19,0.3586718630352909,0.5145908911652907,COMPLETE,78.04833310759027,53.249201692977344,0.3650581345541432,0.03980156491113414,0.01780533177263455
C5_G_LOW_R3,C5_G_LOW,4.7e-06,0.05,0.09514347930589002,-0.8,1.0,1.0,1.0,1.4347121817990456,0.19,0.3586718630352909,0.5145908911652907,COMPLETE,240.36617625144598,166.3855121711323,0.36071519472308766,0.012651917223626984,0.005696938897032175
C6_THETA_HIGH_R1,C6_THETA_HIGH,0.00047,0.05,0.1001674211615598,-0.81,1.0,1.0,1.0,1.4485743487402851,0.2,0.3612922881115267,0.5233587409560422,COMPLETE,27.087175292779225,17.565096682288278,0.3808022217442058,0.12205246774575425,0.05400041538295061
C6_THETA_HIGH_R2,C6_THETA_HIGH,4.7e-05,0.05,0.1001674211615598,-0.81,1.0,1.0,1.0,1.4485743487402851,0.2,0.3612922881115267,0.5233587409560422,COMPLETE,79.33058166047715,53.63190548170451,0.3676818195439215,0.03917833897193079,0.017685214001640734
C6_THETA_HIGH_R3,C6_THETA_HIGH,4.7e-06,0.05,0.1001674211615598,-0.81,1.0,1.0,1.0,1.4485743487402851,0.2,0.3612922881115267,0.5233587409560422,COMPLETE,244.41230212971826,167.5936739873112,0.3633344271255563,0.012447491433991393,0.005652318306332696
C7_CORNER_A_R1,C7_CORNER_A,0.00047,0.051,0.09514347930589002,-0.81,1.05,1.05,0.99,1.4485743487402851,0.19,0.3807846118486149,0.5515948211189295,COMPLETE,28.32954078340828,18.438998642935097,0.39974796478338237,0.11344375492310325,0.049800733392836166
C7_CORNER_A_R2,C7_CORNER_A,4.7e-05,0.051,0.09514347930589002,-0.81,1.05,1.05,0.99,1.4485743487402851,0.19,0.3807846118486149,0.5515948211189295,COMPLETE,83.39002272180873,56.450670118257435,0.3870062962919533,0.03643683916505201,0.016339117311315945
C7_CORNER_A_R3,C7_CORNER_A,4.7e-06,0.051,0.09514347930589002,-0.81,1.05,1.05,0.99,1.4485743487402851,0.19,0.3807846118486149,0.5515948211189295,COMPLETE,257.37824825661096,176.56090578806865,0.38277492241225164,0.01158082781987838,0.005226867109924109
C8_CORNER_B_R1,C8_CORNER_B,0.00047,0.049,0.10519390104038849,-0.79,0.95,0.95,1.01,1.4207065448352156,0.21,0.3342067377409628,0.4748096996366124,COMPLETE,24.929884255854347,16.354116467629215,0.354548796296486,0.13828131990588396,0.060866691955474325
C8_CORNER_B_R2,C8_CORNER_B,4.7e-05,0.049,0.10519390104038849,-0.79,0.95,0.95,1.01,1.4207065448352156,0.21,0.3342067377409628,0.4748096996366124,COMPLETE,72.33592002699575,49.722724155258156,0.3408818225994677,0.04443966348381644,0.019972921263121286
C8_CORNER_B_R3,C8_CORNER_B,4.7e-06,0.049,0.10519390104038849,-0.79,0.95,0.95,1.01,1.4207065448352156,0.21,0.3342067377409628,0.4748096996366124,COMPLETE,222.10624285762083,155.14234972328077,0.3363405993706462,0.014121785262357148,0.0063848552070104895
