run_id,case_id,arm,scope,rho,eta,N,actual_updates,t_N,t_N_exact,slow_N,slow_N_exact,p,status,exposure,beta,g,h,phi_e,phi_h,r_e,r_h,Hold_beta_bytewise_fixed,Hard_negative_whole_run,Hold_terminal_min_gap_ge_gamma,Hold_post_hit_persisted,Hard_zero_event_observed,Hard_zero_event_time,censor_time,Q_fixed0_endpoint,Q_instant_endpoint,Q_fixed0_drift,Q_instant_drift,selected_nodes,raw_sha256,events_sha256,wall_seconds,streaming_scope
C0_BASE_R1_E5_JOINT,C0_BASE,JOINT_CART_GD,MAIN,0.001,0.2,200000,200000,40000.0,40000,40.0,40,0.05,COMPLETE,UNEXPOSED_DETERMINISTIC_DIAGNOSTIC,9.656642336024714,0.6316999549718227,-1.4328009686959864,0.3213523567358093,-0.7986293615270613,1.0000117277471026,1.0000000025844447,True,True,False,True,False,,40000.0,-0.3659036606833342,-0.36590489508150625,1.2254054760130195e-05,1.1019656588062698e-05,2049,e018594774f164c24f82b62121c7bfe4b132e00cf106ecf59d695e2f48b2c550,a878071751226574ec60dc4f9d4c301139ff978eba509dfa11a235922029ffca,0.07392309600027147,every executed step; independent verifier checks selected nodes only
C0_BASE_R1_E5_HOLD,C0_BASE,HOLD_CART_GD,MAIN,0.001,0.2,200000,200000,40000.0,40000,40.0,40,0.05,COMPLETE,UNEXPOSED_DETERMINISTIC_DIAGNOSTIC,1.0,1.9997838801858887,1.1836714388412592,1.5560951803587153,0.633334343758091,1.0000358054987892,1.0000059733222766,True,False,True,True,True,16204.6,,-4.434964643440489,-4.435269413341736,-4.069048728702395,-4.0693534986036415,2049,7198ba4a65f39ab89a59afc14300ec428fcd2bade568a560871aa8b8a81b99f3,a04c7bb3ed85b85a454c42aa8165f512ee2a33123913e529d5b1c30ddf1562e9,0.06067112400023689,every executed step; independent verifier checks selected nodes only
C0_BASE_R1_E10_JOINT,C0_BASE,JOINT_CART_GD,MAIN,0.001,0.1,400000,400000,40000.0,40000,40.0,40,0.05,COMPLETE,UNEXPOSED_DETERMINISTIC_DIAGNOSTIC,9.656447151844443,0.6317124144542776,-1.4328037669051121,0.3213589225958404,-0.7986313668695862,1.0000058633135487,1.0000000012882102,True,True,False,True,False,,40000.0,-0.365909790354981,-0.3659104075161544,6.1243831133150906e-06,5.507221939926588e-06,2049,3298aec28de1b08fd2eabd53a1bfcd530dd7db00d6fa04469140e347c8daf779,a878071751226574ec60dc4f9d4c301139ff978eba509dfa11a235922029ffca,0.11014081499979511,every executed step; independent verifier checks selected nodes only
C0_BASE_R1_E10_HOLD,C0_BASE,HOLD_CART_GD,MAIN,0.001,0.1,400000,400000,40000.0,40000,40.0,40,0.05,COMPLETE,UNEXPOSED_DETERMINISTIC_DIAGNOSTIC,1.0,1.9997839244448754,1.1836738375821005,1.556096685780333,0.6333358317033376,1.0000179020222173,1.0000029866652898,True,False,True,True,True,16204.5,,-4.43506813545655,-4.435220516590122,-4.069152220718456,-4.069304601852028,2049,d4a3d5d5d168482f4a06b7af222f9c3a6a7a7c9d8b72ff71e60945cac392a8f1,f92a2c711ae8cd8ef63e60eaa30a3fa56dc7c2903528fb91f0b15c29f956d523,0.11314966999998433,every executed step; independent verifier checks selected nodes only
C0_BASE_R2_E5_JOINT,C0_BASE,JOINT_CART_GD,MAIN,0.0003,0.2,666667,666667,133333.4,666667/5,40.00002,2000001/50000,0.05,COMPLETE,UNEXPOSED_DETERMINISTIC_DIAGNOSTIC,13.134698322184763,0.49108572805974143,-1.4342446246436484,0.2480796611223912,-0.7996645098885411,1.000002358499007,1.0000000002447487,True,True,False,True,False,,133333.4,-0.36626005582444643,-0.36626020266542064,5.858913647849295e-06,5.712072673635937e-06,2049,025d936aaf8a50296868fef3a1846ae5def5c96345e1214f731ef21477eccecb,e0adda91df6efe82282ead62c84d6728dcb61b43dea00f3647612c9d5949f63b,0.18515415199999552,every executed step; independent verifier checks selected nodes only
C0_BASE_R2_E5_HOLD,C0_BASE,HOLD_CART_GD,MAIN,0.0003,0.2,666667,666667,133333.4,666667/5,40.00002,2000001/50000,0.05,COMPLETE,UNEXPOSED_DETERMINISTIC_DIAGNOSTIC,1.0,1.9997839429674362,1.183675234345231,1.5560973158509839,0.6333366981199262,1.0000107410388415,1.0000017920002702,True,False,True,True,True,54015.0,,-4.435461632438893,-4.435553060244799,-4.069195717700799,-4.069287145506705,2049,cd3de68a0d50e4843ee508dba3056c62bc104b0a0dbfd5532eb14ef4e10aed56,243ff83fc281ffcb96c5426b67764b2673443d3e0716913147b2c150e1608270,0.1826020809999136,every executed step; independent verifier checks selected nodes only
C0_BASE_R2_E10_JOINT,C0_BASE,JOINT_CART_GD,MAIN,0.0003,0.1,1333334,1333334,133333.4,666667/5,40.00002,2000001/50000,0.05,COMPLETE,UNEXPOSED_DETERMINISTIC_DIAGNOSTIC,13.134439262789977,0.4910954819641222,-1.4342454853498334,0.24808469209729125,-0.7996651273716807,1.000001179287973,1.0000000001220157,True,True,False,True,False,,133333.4,-0.3662629863189013,-0.36626305974448425,2.9284191929712655e-06,2.85499361002417e-06,2049,10afe57663abe6d96d0c89c8c8ae98ca463caf39640c56caaade921c65aa54fe,e0adda91df6efe82282ead62c84d6728dcb61b43dea00f3647612c9d5949f63b,0.34655384100005904,every executed step; independent verifier checks selected nodes only
C0_BASE_R2_E10_HOLD,C0_BASE,HOLD_CART_GD,MAIN,0.0003,0.1,1333334,1333334,133333.4,666667/5,40.00002,2000001/50000,0.05,COMPLETE,UNEXPOSED_DETERMINISTIC_DIAGNOSTIC,1.0,1.9997839562413713,1.1836759539712491,1.5560977673989536,0.6333371445064372,1.000005370453899,1.0000008960005335,True,False,True,True,True,54014.9,,-4.435492678068145,-4.435538391626898,-4.06922676333005,-4.069272476888804,2049,867ed53b8dd7e607b0d8be52e03eba916786eafe4b662b0dc376d29f8aab4c14,12072095e99a9e30f662fe0e3045b9eb2cd142c729af6654d396ea16f27f9bcd,0.34655144099997415,every executed step; independent verifier checks selected nodes only
C0_BASE_R3_E5_JOINT,C0_BASE,JOINT_CART_GD,MAIN,0.0001,0.2,2000000,2000000,400000.0,400000,40.0,40,0.05,COMPLETE,UNEXPOSED_DETERMINISTIC_DIAGNOSTIC,17.1563938572265,0.3941278415692386,-1.4345572426485398,0.19836220894263681,-0.7998888124082184,1.000000475473123,1.000000000027973,True,True,False,True,False,,400000.0,-0.3663633563554621,-0.36636337520838186,2.55838263224506e-06,2.5395297124641836e-06,2049,1c38cf30e4e93f289daa08517201c46189682d2f36d4789cb3c048e65e50c439,141fe9bf1a2aa7ee6ab8fcb619f4189e41e70e28eb2b589fa15938d274c54758,0.4921016250000321,every executed step; independent verifier checks selected nodes only
C0_BASE_R3_E5_HOLD,C0_BASE,HOLD_CART_GD,MAIN,0.0001,0.2,2000000,2000000,400000.0,400000,40.0,40,0.05,COMPLETE,UNEXPOSED_DETERMINISTIC_DIAGNOSTIC,1.0,1.999783959843566,1.183675756583779,1.5560978899395201,0.6333370220662913,1.0000035802881238,1.000000597333746,True,False,True,True,True,162044.6,,-4.435600924512237,-4.435631400128422,-4.069235009774143,-4.069265485390328,2049,e3c6679c281e800ee2c6c1e101537fd0077b84fd5d59e2e8d1379cbd8158e426,1535470d1e932dd80ebdea8ed67a0ee85b3af347689523f63fe7282948f3f657,0.48687979399983305,every executed step; independent verifier checks selected nodes only
C0_BASE_R3_E10_JOINT,C0_BASE,JOINT_CART_GD,MAIN,0.0001,0.1,4000000,4000000,400000.0,400000,40.0,40,0.05,COMPLETE,UNEXPOSED_DETERMINISTIC_DIAGNOSTIC,17.156134273008387,0.39413394097726023,-1.4345575254809375,0.19836531964650658,-0.7998890153630983,1.0000002377615436,1.0000000000157838,True,True,False,True,False,,400000.0,-0.36636463590238,-0.36636464533142427,1.2788357143245221e-06,1.2694066700569273e-06,2049,b1805001076853aa7e494f1741740840b4e05514528a39f999d46dcad512a6a6,141fe9bf1a2aa7ee6ab8fcb619f4189e41e70e28eb2b589fa15938d274c54758,0.9806423099998938,every executed step; independent verifier checks selected nodes only
C0_BASE_R3_E10_HOLD,C0_BASE,HOLD_CART_GD,MAIN,0.0001,0.1,4000000,4000000,400000.0,400000,40.0,40,0.05,COMPLETE,UNEXPOSED_DETERMINISTIC_DIAGNOSTIC,1.0,1.9997839642678719,1.1836759964596273,1.5560980404482936,0.6333371708621298,1.0000017901367675,1.0000002986668315,True,False,True,True,True,162044.5,,-4.435611272859784,-4.435626510629475,-4.06924535812169,-4.069260595891381,2049,674ac1cca4c22196641ddf3e38fa53b6ec6f6c986699314215107ac60e945b8c,c61fcc4197e222b45e10596f8d4ae2d8c6080b964d9e832d04d6173bc1944c9c,0.9616304920000402,every executed step; independent verifier checks selected nodes only
C7_CORNER_A_R1_E5_JOINT,C7_CORNER_A,JOINT_CART_GD,MAIN,0.001,0.2,200000,200000,40000.0,40000,40.0,40,0.051,COMPLETE,UNEXPOSED_DETERMINISTIC_DIAGNOSTIC,9.88314779584092,0.6147352378960919,-1.4469372797098743,0.3124254968819682,-0.8088135941581978,1.0500114342483478,1.0500000023425906,True,True,False,True,False,,40000.0,-0.4143949115008115,-0.41439610480449596,1.207263893737709e-05,1.087933525290019e-05,2049,ddc3c1fd80bde54a5e587d1e865bde1ffd7d3bb4e5025cd708de52f6face5529,c2ce9c9276bbbf96dc86a191986172f75d2f8bb1a1de3b1114598ee0b59d5d58,0.06136201600020286,every executed step; independent verifier checks selected nodes only
C7_CORNER_A_R1_E5_HOLD,C7_CORNER_A,HOLD_CART_GD,MAIN,0.001,0.2,200000,200000,40000.0,40000,40.0,40,0.051,COMPLETE,UNEXPOSED_DETERMINISTIC_DIAGNOSTIC,0.99,1.9996163026702614,1.1006509050904123,1.5512078199859773,0.5827539745784626,1.0500344527108296,1.050005719482769,True,False,True,True,True,17977.0,,-4.534378414459084,-4.5346651320190885,-4.119971430319335,-4.12025814787934,2049,7d2eb39188a4cd625f6417f70797d776cc3c65f82e18be11594ccaefadc8cd0e,18b21ce8f2bcf0b1be7f870165a24adf9f0410aacc24a7ac33089fdebb9acdfb,0.06245651300014288,every executed step; independent verifier checks selected nodes only
C7_CORNER_A_R1_E10_JOINT,C7_CORNER_A,JOINT_CART_GD,MAIN,0.001,0.1,400000,400000,40000.0,40000,40.0,40,0.051,COMPLETE,UNEXPOSED_DETERMINISTIC_DIAGNOSTIC,9.882972057849056,0.6147458980467018,-1.4469400365964182,0.31243109811292114,-0.8088155908703668,1.0500057166635561,1.050000001167639,True,True,False,True,False,,40000.0,-0.4144009499775229,-0.4144015465986255,6.034162225942996e-06,5.437541123365364e-06,2049,dc5b0fd7bb5cba68b432ba6df2eea2707d4a39fc24f126ad6dbddacebaadd084,a05bc4ad21c4aae0fd7b35bdff0df9e6de9baab13e6682f0b7243e67f8e678c0,0.1230158250000386,every executed step; independent verifier checks selected nodes only
C7_CORNER_A_R1_E10_HOLD,C7_CORNER_A,HOLD_CART_GD,MAIN,0.001,0.1,400000,400000,40000.0,40000,40.0,40,0.051,COMPLETE,UNEXPOSED_DETERMINISTIC_DIAGNOSTIC,0.99,1.9996163684454813,1.1006532776897453,1.5512094990890855,0.5827553953819681,1.0500172257346874,1.0500028597453188,True,False,True,True,True,17976.9,,-4.534473943846576,-4.534617299439008,-4.120066959706827,-4.120210315299259,2049,f5af9266da552e4ccbc602edc69c0a2470918575af87d5cd70b9f736c8fd069b,fca79ae52d11a5b08b0f9a5d068a5211493194f29207a10a530de9cd8ee5fce0,0.1081652849998136,every executed step; independent verifier checks selected nodes only
C7_CORNER_A_R2_E5_JOINT,C7_CORNER_A,JOINT_CART_GD,MAIN,0.0003,0.2,666667,666667,133333.4,666667/5,40.00002,2000001/50000,0.051,COMPLETE,UNEXPOSED_DETERMINISTIC_DIAGNOSTIC,13.452372874792193,0.477494033880737,-1.448142351234725,0.24107534985611312,-0.8096867821335952,1.0500023327470105,1.050000000223142,True,True,False,True,False,,133333.4,-0.4147442243657568,-0.41474436829225136,5.794773992040536e-06,5.65084749748479e-06,2049,2ec89c16a8bda14d7540e6d0c87557a3f871de8068b5245a7d4aea6f8b77111d,f1bf8b221bd9d295f5294df7686adde5538ca2e5a0a4605319b36ba47f233137,0.18504781800038472,every executed step; independent verifier checks selected nodes only
C7_CORNER_A_R2_E5_HOLD,C7_CORNER_A,HOLD_CART_GD,MAIN,0.0003,0.2,666667,666667,133333.4,666667/5,40.00002,2000001/50000,0.051,COMPLETE,UNEXPOSED_DETERMINISTIC_DIAGNOSTIC,0.99,1.9996163961049223,1.100654711009448,1.5512102052194718,0.5827562537094402,1.050010335291779,1.050001715848259,True,False,True,True,True,59923.0,,-4.534857344750179,-4.53494335737911,-4.12010732561043,-4.1201933382393605,2049,2dc09d0850bdd4b3e14f3b1d148dd5a24da6425c8e25c4fb8c0153d9d603391a,12f3640efae071ab0710a732c09f681f703316d32a64c865767529699c1761d8,0.19942058000015095,every executed step; independent verifier checks selected nodes only
C7_CORNER_A_R2_E10_JOINT,C7_CORNER_A,JOINT_CART_GD,MAIN,0.0003,0.1,1333334,1333334,133333.4,666667/5,40.00002,2000001/50000,0.051,COMPLETE,UNEXPOSED_DETERMINISTIC_DIAGNOSTIC,13.45212844484488,0.47750275842988515,-1.4481431785699677,0.24107984203893845,-0.8096873818908845,1.0500011664093871,1.0500000001112604,True,True,False,True,False,,133333.4,-0.41474712261523883,-0.4147471945831205,2.8965245100209813e-06,2.824556628366892e-06,2049,c24db829164ebec403b97502ef5f85434a4a375602d987c74b38f3b2ad65e137,9979e294735db6f247bc4e5da765c283b4d2b74eba39de26b8829525f8cd3220,0.34591581199993016,every executed step; independent verifier checks selected nodes only
C7_CORNER_A_R2_E10_HOLD,C7_CORNER_A,HOLD_CART_GD,MAIN,0.0003,0.1,1333334,1333334,133333.4,666667/5,40.00002,2000001/50000,0.051,COMPLETE,UNEXPOSED_DETERMINISTIC_DIAGNOSTIC,0.99,1.9996164158327412,1.1006554227924448,1.5512107088754357,0.5827566799529068,1.0500051675900721,1.0500008579245237,True,False,True,True,True,59922.9,,-4.534886001952307,-4.534929007980278,-4.120135982812558,-4.120178988840529,2049,f9e452c607da5faec42062804bbf3a0e0d6b5db13757d75df3e5a6ae033dde25,6fdabe54a7f9e597a43ba2e0aaec2b0b47bbb270a62fdcf78e82f8e270d54b8b,0.34662623600024745,every executed step; independent verifier checks selected nodes only
C7_CORNER_A_R3_E5_JOINT,C7_CORNER_A,JOINT_CART_GD,MAIN,0.0001,0.2,2000000,2000000,400000.0,400000,40.0,40,0.051,COMPLETE,UNEXPOSED_DETERMINISTIC_DIAGNOSTIC,17.60003792151706,0.3826359079976766,-1.4484295814256998,0.19250472851808956,-0.8098950256254662,1.050000477842575,1.0500000000259735,True,True,False,True,False,,400000.0,-0.4148454838700464,-0.4148455025996303,2.5452697024475057e-06,2.5265401185081693e-06,2049,78709a76e0df73203851e54cc4907868d1e4c567c6fffc4be09b69957eb5183e,635dd94899bcd8f27812db682f5224937bf3bcad78b00aa72e1d546b4a70c217,0.4997674989999723,every executed step; independent verifier checks selected nodes only
C7_CORNER_A_R3_E5_HOLD,C7_CORNER_A,HOLD_CART_GD,MAIN,0.0001,0.2,2000000,2000000,400000.0,400000,40.0,40,0.051,COMPLETE,UNEXPOSED_DETERMINISTIC_DIAGNOSTIC,0.99,1.9996164210549394,1.1006551757772143,1.551210842201577,0.5827565320305226,1.050003445047623,1.0500005719496726,True,False,True,True,True,179768.40000000002,,-4.534991408629255,-4.5350200792376985,-4.120143379489506,-4.12017205009795,2049,ec18837700c60c37f2baffe2001c33158c6381e699da402340d1913d57955a29,62eb73e173c950aa3625dec6b22430f6de140996f1660896ba9bc13842a09c86,0.4890268089998244,every executed step; independent verifier checks selected nodes only
C7_CORNER_A_R3_E10_JOINT,C7_CORNER_A,JOINT_CART_GD,MAIN,0.0001,0.1,4000000,4000000,400000.0,400000,40.0,40,0.051,COMPLETE,UNEXPOSED_DETERMINISTIC_DIAGNOSTIC,17.599788362753063,0.3826414493654379,-1.4484298518896688,0.19250755134567918,-0.8098952217348149,1.0500002389440788,1.050000000007981,True,True,False,True,False,,400000.0,-0.4148467567865602,-0.4148467661486124,1.2723531886416062e-06,1.2629911364525626e-06,2049,30299c0d7e00e9008531d8e276947f2e1cd9ca2375e1f3185393c05bb81ce209,7b08c4a49a5aa2b6dec73589a702ae55ca70e5504a31bcc3aa8a6cda41e775f7,1.0439193539996268,every executed step; independent verifier checks selected nodes only
C7_CORNER_A_R3_E10_HOLD,C7_CORNER_A,HOLD_CART_GD,MAIN,0.0001,0.1,4000000,4000000,400000.0,400000,40.0,40,0.051,COMPLETE,UNEXPOSED_DETERMINISTIC_DIAGNOSTIC,0.99,1.9996164276304513,1.100655413038732,1.5512110100800067,0.5827566741120017,1.0500017225176357,1.0500002859747894,True,False,True,True,True,179768.40000000002,,-4.5350009608687225,-4.5350152961412915,-4.120152931728974,-4.120167267001543,2049,d4c65f5aa21d0ce9d4caf2056c265635b610ec1f5f54131e072d40206b8e1767,1ef57e29572b29dc16d270061407dd59be438287576a15a3d38a9d879f8ad3a6,0.9534799429998202,every executed step; independent verifier checks selected nodes only
C8_CORNER_B_R1_E5_JOINT,C8_CORNER_B,JOINT_CART_GD,MAIN,0.001,0.2,200000,200000,40000.0,40000,40.0,40,0.049,COMPLETE,UNEXPOSED_DETERMINISTIC_DIAGNOSTIC,9.422990099958858,0.6499876558588621,-1.418391192246259,0.331005201736144,-0.7883565742195839,0.9500120928150898,0.950000002891568,True,True,False,True,False,,40000.0,-0.3214352457041271,-0.3214365300075068,1.235747885602878e-05,1.1073175476328245e-05,2049,f8455e321b0dde8b7c90dad4c26604a939a2bf802b8e77c13b7587afb0c73f89,4ae83b01152b704c704a1ded42c094ec12fe2735b285e305d0a56cb386967a96,0.06286803300008614,every executed step; independent verifier checks selected nodes only
C8_CORNER_B_R1_E5_HOLD,C8_CORNER_B,HOLD_CART_GD,MAIN,0.001,0.2,200000,200000,40000.0,40000,40.0,40,0.049,COMPLETE,UNEXPOSED_DETERMINISTIC_DIAGNOSTIC,1.01,1.999887948397017,1.2609908903377531,1.5602108343974919,0.6821913477750365,0.950037291438884,0.9500062360857197,True,False,True,True,True,14539.400000000001,,-4.332973368529751,-4.333298640043346,-4.011525765346768,-4.011851036860364,2049,6f5973270b06ce10b28a7ca4d1a1c3fc8942dbc8891cfa7e10fa79d3a921e995,12a945b51ac84b2254718b490fc2bd04acbe6886a81a51a126a2dc2adcb17903,0.062410964999799035,every executed step; independent verifier checks selected nodes only
C8_CORNER_B_R1_E10_JOINT,C8_CORNER_B,JOINT_CART_GD,MAIN,0.001,0.1,400000,400000,40000.0,40000,40.0,40,0.049,COMPLETE,UNEXPOSED_DETERMINISTIC_DIAGNOSTIC,9.422776223080566,0.6500020223356189,-1.4183940047311807,0.3310127973004706,-0.7883585688584204,0.9500060457343563,0.9500000014413226,True,True,False,True,False,,40000.0,-0.3214414276267185,-0.32144206973200573,6.175556264642612e-06,5.5334509774240814e-06,2049,6f2a721de205fa8db0bfc3031a5c465c10ce0e3fa2ee3b7628ee08ef0753a0a7,4ae83b01152b704c704a1ded42c094ec12fe2735b285e305d0a56cb386967a96,0.11051818000032654,every executed step; independent verifier checks selected nodes only
C8_CORNER_B_R1_E10_HOLD,C8_CORNER_B,HOLD_CART_GD,MAIN,0.001,0.1,400000,400000,40000.0,40000,40.0,40,0.049,COMPLETE,UNEXPOSED_DETERMINISTIC_DIAGNOSTIC,1.01,1.9998879760569863,1.2609933433223872,1.5602121410062,0.682192927914493,0.9500186448618952,0.9500031180473828,True,False,True,True,True,14539.300000000001,,-4.333085928740121,-4.33324855988494,-4.011638325557138,-4.011800956701958,2049,1e878b85b6f7e7dde37116904536564006a185a662c3049f7447251b6f5fca4f,b57598b65be2e1369fc95261f15d3173f8a591cbcf5979ad3d0b7f8a5ee2a416,0.11070217699989371,every executed step; independent verifier checks selected nodes only
C8_CORNER_B_R2_E5_JOINT,C8_CORNER_B,JOINT_CART_GD,MAIN,0.0003,0.2,666667,666667,133333.4,666667/5,40.00002,2000001/50000,0.049,COMPLETE,UNEXPOSED_DETERMINISTIC_DIAGNOSTIC,12.81289718785995,0.505608295710666,-1.4201918204717063,0.25557745427624234,-0.7896344158130078,0.9500024010350022,0.950000000272289,True,True,False,True,False,,133333.4,-0.32179874318817775,-0.32179889401418255,5.894994805411002e-06,5.7441688006143465e-06,2049,ccd095948dca2b2f0ddd7ea5ee624b77ad8418fcdf0b7a6dc3edf87937810528,f13c15880bc86c6773e3cb264d74311607670950ed91b119e27b1f7b1ae63c87,0.18255657800000336,every executed step; independent verifier checks selected nodes only
C8_CORNER_B_R2_E5_HOLD,C8_CORNER_B,HOLD_CART_GD,MAIN,0.0003,0.2,666667,666667,133333.4,666667/5,40.00002,2000001/50000,0.049,COMPLETE,UNEXPOSED_DETERMINISTIC_DIAGNOSTIC,1.01,1.999887987580568,1.2609947194047122,1.5602126854077076,0.6821938143465257,0.9500111867113052,0.9500018708295946,True,False,True,True,True,48464.200000000004,,-4.333490033462042,-4.333587611086405,-4.011685395279059,-4.011782972903422,2049,712d5ac8dc97b54af3bc330ccf20fcd62195932e7db1796daf3434a2e83113ed,e9bb537970b183e0c91a9cf891b1a8a5b6d1e5b3e02069ad51ca2d867d790911,0.177803509000114,every executed step; independent verifier checks selected nodes only
C8_CORNER_B_R2_E10_JOINT,C8_CORNER_B,JOINT_CART_GD,MAIN,0.0003,0.1,1333334,1333334,133333.4,666667/5,40.00002,2000001/50000,0.049,COMPLETE,UNEXPOSED_DETERMINISTIC_DIAGNOSTIC,12.812624747823712,0.5056191341168248,-1.4201927188543715,0.2555830554226709,-0.7896350537739667,0.950001200558886,0.950000000135776,True,True,False,True,False,,133333.4,-0.3218016919129436,-0.32180176733158794,2.9462700395499475e-06,2.870851395220253e-06,2049,8619b9b47a036d9dc49cf4588422ba27e81ab6c07d04614fbc718d938a5d77e1,f13c15880bc86c6773e3cb264d74311607670950ed91b119e27b1f7b1ae63c87,0.3469950459998472,every executed step; independent verifier checks selected nodes only
C8_CORNER_B_R2_E10_HOLD,C8_CORNER_B,HOLD_CART_GD,MAIN,0.0003,0.1,1333334,1333334,133333.4,666667/5,40.00002,2000001/50000,0.049,COMPLETE,UNEXPOSED_DETERMINISTIC_DIAGNOSTIC,1.01,1.9998879958757672,1.2609954553043898,1.5602130773100453,0.6821942883918614,0.9500055932785038,0.9500009354151973,True,False,True,True,True,48464.100000000006,,-4.333523799085127,-4.333572587482442,-4.011719160902144,-4.0117679492994585,2049,378a0720ebc421184a96f4f1ca0add0c224d3daca7e6a18eca438b0c7612f4a5,2f760908f0948802d5bcf5c809d88ad0a22a4f256328e6d678b7c6404d037f12,0.33376623000003747,every executed step; independent verifier checks selected nodes only
C8_CORNER_B_R3_E5_JOINT,C8_CORNER_B,JOINT_CART_GD,MAIN,0.0001,0.2,2000000,2000000,400000.0,400000,40.0,40,0.049,COMPLETE,UNEXPOSED_DETERMINISTIC_DIAGNOSTIC,16.711529654087403,0.4063340231353045,-1.420538598233153,0.2045913111092923,-0.7898807007102618,0.9500004773235737,0.9500000000311828,True,True,False,True,False,,400000.0,-0.32190408574812424,-0.3219041048834808,2.5624348589103896e-06,2.5432995023333405e-06,2049,ca51e275534db039aafd7f6c24ae28199b09578c42adb1cef2065e168a7a6af8,55095e240facbfa038ba73c8a4cc7001c5d8db22b40db1ca642a7fb18337a2b8,0.49421230999996624,every executed step; independent verifier checks selected nodes only
C8_CORNER_B_R3_E5_HOLD,C8_CORNER_B,HOLD_CART_GD,MAIN,0.0001,0.2,2000000,2000000,400000.0,400000,40.0,40,0.049,COMPLETE,UNEXPOSED_DETERMINISTIC_DIAGNOSTIC,1.01,1.9998879981786484,1.2609953057202592,1.5602131861110202,0.6821941920340663,0.9500037288351363,0.9500006236102612,True,False,True,True,True,145392.2,,-4.333635016287606,-4.333667541778305,-4.011728368104623,-4.011760893595322,2049,9a7597032ec3df49f1ab728cb679c93dbd8f31dbf6c40def2f653e15347d7b90,e69a9f3c0a94dc1d15a005b9de3261ea9cc978050cc9a7870cb32b24450ff321,0.4882528939997428,every executed step; independent verifier checks selected nodes only
C8_CORNER_B_R3_E10_JOINT,C8_CORNER_B,JOINT_CART_GD,MAIN,0.0001,0.1,4000000,4000000,400000.0,400000,40.0,40,0.049,COMPLETE,UNEXPOSED_DETERMINISTIC_DIAGNOSTIC,16.7112608503095,0.40634071640429387,-1.4205388956425407,0.20459472902876596,-0.7898809119595309,0.9500002386892816,0.950000000015759,True,True,False,True,False,,400000.0,-0.3219053673841982,-0.32190537695340987,1.2807987849194902e-06,1.2712295732741907e-06,2049,c0c5ca1ee04aa0ab91e284434e883b2c02f4fca86108a2b734081f582e55a4f2,55095e240facbfa038ba73c8a4cc7001c5d8db22b40db1ca642a7fb18337a2b8,1.0711851709997973,every executed step; independent verifier checks selected nodes only
C8_CORNER_B_R3_E10_HOLD,C8_CORNER_B,HOLD_CART_GD,MAIN,0.0001,0.1,4000000,4000000,400000.0,400000,40.0,40,0.049,COMPLETE,UNEXPOSED_DETERMINISTIC_DIAGNOSTIC,1.01,1.9998880009434614,1.260995551020753,1.5602133167377432,0.6821943500495936,0.9500018644090285,0.9500003118051492,True,False,True,True,True,145392.2,,-4.333646271255062,-4.333662533954581,-4.011739623072079,-4.011755885771598,2049,f894dd2535b452b2d1454aca48586f7c33a3adc5f7719f5932e8ffc10a001cfe,cd3739289dceed6be7e90f4e3b53fc9b26e994e012238307d54f2e3a87adc340,1.0484834700000647,every executed step; independent verifier checks selected nodes only
