seed,arm,step,split,group,n,correct,accuracy,error,ce_fp64,ce_fp32
1103,NATIVE_COMMON_CLIP,0,training_eval,01,184,77,0.41847826086956524,0.5815217391304348,0.7516530741345784,0.7516530829927196
1103,NATIVE_COMMON_CLIP,0,training_eval,10,56,33,0.5892857142857143,0.4107142857142857,0.6657308513248531,0.665730851569346
1103,NATIVE_COMMON_CLIP,100,training_eval,01,184,181,0.9836956521739131,0.016304347826086956,0.07350129068293387,0.07350128721013195
1103,NATIVE_COMMON_CLIP,100,training_eval,10,56,27,0.48214285714285715,0.5178571428571429,1.8830877441917537,1.8830877505409132
1103,NATIVE_COMMON_CLIP,200,training_eval,01,184,173,0.9402173913043478,0.059782608695652176,0.1958359845560035,0.19583598607671296
1103,NATIVE_COMMON_CLIP,200,training_eval,10,56,52,0.9285714285714286,0.07142857142857142,0.20552828528931588,0.20552827864142792
1103,NATIVE_COMMON_CLIP,300,training_eval,01,184,183,0.9945652173913043,0.005434782608695652,0.024588917248508476,0.024588921636357567
1103,NATIVE_COMMON_CLIP,300,training_eval,10,56,55,0.9821428571428571,0.017857142857142856,0.03611043935729032,0.036110440073736684
1103,NATIVE_COMMON_CLIP,400,training_eval,01,184,184,1.0,0.0,0.0005260533946202742,0.0005260504575145313
1103,NATIVE_COMMON_CLIP,400,training_eval,10,56,55,0.9821428571428571,0.017857142857142856,0.023985595247627473,0.023985594370816137
1103,NATIVE_COMMON_CLIP,500,training_eval,01,184,183,0.9945652173913043,0.005434782608695652,0.03273595263189545,0.032735945891712866
1103,NATIVE_COMMON_CLIP,500,training_eval,10,56,55,0.9821428571428571,0.017857142857142856,0.033614898618293046,0.033614905633964805
1103,NATIVE_COMMON_CLIP,600,training_eval,01,184,184,1.0,0.0,5.481537217071997e-05,5.481674415464471e-05
1103,NATIVE_COMMON_CLIP,600,training_eval,10,56,56,1.0,0.0,0.0011192023737294783,0.0011191980797367052
1103,NATIVE_COMMON_CLIP,700,training_eval,01,184,184,1.0,0.0,3.551125727621699e-05,3.550473572848559e-05
1103,NATIVE_COMMON_CLIP,700,training_eval,10,56,56,1.0,0.0,3.811250122788671e-05,3.810437099792198e-05
1103,NATIVE_COMMON_CLIP,800,training_eval,01,184,184,1.0,0.0,4.89017253122674e-06,4.88898111957688e-06
1103,NATIVE_COMMON_CLIP,800,training_eval,10,56,56,1.0,0.0,0.00034131066736599314,0.0003413051605546867
1103,NATIVE_COMMON_CLIP,900,training_eval,01,184,184,1.0,0.0,0.007098330839325204,0.0070983324073513165
1103,NATIVE_COMMON_CLIP,900,training_eval,10,56,56,1.0,0.0,2.8394675900571548e-05,2.838773037515198e-05
1103,NATIVE_COMMON_CLIP,1000,training_eval,01,184,184,1.0,0.0,4.010092659770384e-05,4.009821150647466e-05
1103,NATIVE_COMMON_CLIP,1000,training_eval,10,56,56,1.0,0.0,0.00031131883227495814,0.0003113092005991699
1103,HOLD_COMMON_CLIP,0,training_eval,01,184,77,0.41847826086956524,0.5815217391304348,0.7516530741345784,0.7516530829927196
1103,HOLD_COMMON_CLIP,0,training_eval,10,56,33,0.5892857142857143,0.4107142857142857,0.6657308513248531,0.665730851569346
1103,HOLD_COMMON_CLIP,100,training_eval,01,184,181,0.9836956521739131,0.016304347826086956,0.06668654263766678,0.06668653802183183
1103,HOLD_COMMON_CLIP,100,training_eval,10,56,26,0.4642857142857143,0.5357142857142857,1.9287704521604525,1.9287704530039005
1103,HOLD_COMMON_CLIP,200,training_eval,01,184,174,0.9456521739130435,0.05434782608695652,0.165862586148855,0.16586258522987346
1103,HOLD_COMMON_CLIP,200,training_eval,10,56,52,0.9285714285714286,0.07142857142857142,0.22644891301337403,0.22644890745976096
1103,HOLD_COMMON_CLIP,300,training_eval,01,184,183,0.9945652173913043,0.005434782608695652,0.029722832330664254,0.02972283705936347
1103,HOLD_COMMON_CLIP,300,training_eval,10,56,56,1.0,0.0,0.025876875897358598,0.02587686966475644
1103,HOLD_COMMON_CLIP,400,training_eval,01,184,184,1.0,0.0,0.0026787700224777905,0.002678772924481999
1103,HOLD_COMMON_CLIP,400,training_eval,10,56,55,0.9821428571428571,0.017857142857142856,0.0236448157341454,0.02364482151063133
1103,HOLD_COMMON_CLIP,500,training_eval,01,184,184,1.0,0.0,0.0011594736125139409,0.0011594740251325056
1103,HOLD_COMMON_CLIP,500,training_eval,10,56,56,1.0,0.0,0.00028465771543907225,0.00028466141880250414
1103,HOLD_COMMON_CLIP,600,training_eval,01,184,184,1.0,0.0,0.0012639162081252923,0.0012639144222175835
1103,HOLD_COMMON_CLIP,600,training_eval,10,56,56,1.0,0.0,0.008809154068655706,0.008809152919500336
1103,HOLD_COMMON_CLIP,700,training_eval,01,184,184,1.0,0.0,7.653268962595292e-05,7.65314268141328e-05
1103,HOLD_COMMON_CLIP,700,training_eval,10,56,56,1.0,0.0,0.010447229238950017,0.010447234990606498
1103,HOLD_COMMON_CLIP,800,training_eval,01,184,184,1.0,0.0,4.586425637844615e-06,4.581883319556267e-06
1103,HOLD_COMMON_CLIP,800,training_eval,10,56,56,1.0,0.0,0.0001881486737189393,0.00018814783616110425
1103,HOLD_COMMON_CLIP,900,training_eval,01,184,184,1.0,0.0,1.827259660706042e-05,1.827080829957842e-05
1103,HOLD_COMMON_CLIP,900,training_eval,10,56,56,1.0,0.0,6.823993658927198e-05,6.823749964064112e-05
1103,HOLD_COMMON_CLIP,1000,training_eval,01,184,184,1.0,0.0,8.135140201514353e-06,8.126673758669233e-06
1103,HOLD_COMMON_CLIP,1000,training_eval,10,56,56,1.0,0.0,1.4002087277961516e-06,1.3857980236358408e-06
