claim_id,experiment_family,metric_definition,value,unit,scope,source_level,public_source_relative_path,original_hash_if_available,checked_in_this_closeout,limitation
swin1103_HOLD_COMMON_CLIP_U,swin_common_clipping,U_train_H_error,771/12880,mean error rate over steps,240-image census; groups equally weighted; C=1000,recorded_group_counts,results/selected/swin_1103_train_hard_counts.csv,3a6ba6d0b698707bf3e887aa72fcf971298d3690cfb87565c3b862707bf878bc,SAVED_DATA_REAGGREGATED,Same dataset; two fixed training seeds; no population significance/equivalence or speedup claim.
swin1103_NATIVE_COMMON_CLIP_U,swin_common_clipping,U_train_H_error,1579/25760,mean error rate over steps,240-image census; groups equally weighted; C=1000,recorded_group_counts,results/selected/swin_1103_train_hard_counts.csv,3a6ba6d0b698707bf3e887aa72fcf971298d3690cfb87565c3b862707bf878bc,SAVED_DATA_REAGGREGATED,Same dataset; two fixed training seeds; no population significance/equivalence or speedup claim.
swin1103_delta,swin_common_clipping,NCC_minus_HCC_error_AUC,37/25760,error-rate area,same dataset; one paired training seed,recorded_group_counts,results/selected/swin_1103_train_hard_counts.csv,3a6ba6d0b698707bf3e887aa72fcf971298d3690cfb87565c3b862707bf878bc,SAVED_DATA_REAGGREGATED,Same dataset; two fixed training seeds; no population significance/equivalence or speedup claim.
swin1103_HOLD_COMMON_CLIP_wga,swin_common_clipping,final_validation_WGA,101/133,accuracy,k=1000; min over four groups,recorded_group_counts,results/selected/swin_1103_validation_counts.csv,56818d857bd6d447ee9c1a5dbf30e54563bfd2552066f670cc0bdea12f61e37f,SAVED_DATA_REAGGREGATED,Same dataset; two fixed training seeds; no population significance/equivalence or speedup claim.
swin1103_HOLD_COMMON_CLIP_frequency,swin_common_clipping,final_validation_frequency_accuracy,1095/1199,accuracy,observed validation group frequencies,recorded_group_counts,results/selected/swin_1103_validation_counts.csv,56818d857bd6d447ee9c1a5dbf30e54563bfd2552066f670cc0bdea12f61e37f,SAVED_DATA_REAGGREGATED,Same dataset; two fixed training seeds; no population significance/equivalence or speedup claim.
swin1103_NATIVE_COMMON_CLIP_wga,swin_common_clipping,final_validation_WGA,96/133,accuracy,k=1000; min over four groups,recorded_group_counts,results/selected/swin_1103_validation_counts.csv,56818d857bd6d447ee9c1a5dbf30e54563bfd2552066f670cc0bdea12f61e37f,SAVED_DATA_REAGGREGATED,Same dataset; two fixed training seeds; no population significance/equivalence or speedup claim.
swin1103_NATIVE_COMMON_CLIP_frequency,swin_common_clipping,final_validation_frequency_accuracy,1105/1199,accuracy,observed validation group frequencies,recorded_group_counts,results/selected/swin_1103_validation_counts.csv,56818d857bd6d447ee9c1a5dbf30e54563bfd2552066f670cc0bdea12f61e37f,SAVED_DATA_REAGGREGATED,Same dataset; two fixed training seeds; no population significance/equivalence or speedup claim.
swin1104_HOLD_COMMON_CLIP_U,swin_common_clipping,U_train_H_error,489/7360,mean error rate over steps,240-image census; groups equally weighted; C=1000,recorded_group_counts,results/selected/swin_1104_train_hard_counts.csv,59b16960b7dcb7443c407b0188df7b794f2c732f73ca50366e13d929d3617fea,SAVED_DATA_REAGGREGATED,Same dataset; two fixed training seeds; no population significance/equivalence or speedup claim.
swin1104_NATIVE_COMMON_CLIP_U,swin_common_clipping,U_train_H_error,831/12880,mean error rate over steps,240-image census; groups equally weighted; C=1000,recorded_group_counts,results/selected/swin_1104_train_hard_counts.csv,59b16960b7dcb7443c407b0188df7b794f2c732f73ca50366e13d929d3617fea,SAVED_DATA_REAGGREGATED,Same dataset; two fixed training seeds; no population significance/equivalence or speedup claim.
swin1104_delta,swin_common_clipping,NCC_minus_HCC_error_AUC,-99/51520,error-rate area,same dataset; one paired training seed,recorded_group_counts,results/selected/swin_1104_train_hard_counts.csv,59b16960b7dcb7443c407b0188df7b794f2c732f73ca50366e13d929d3617fea,SAVED_DATA_REAGGREGATED,Same dataset; two fixed training seeds; no population significance/equivalence or speedup claim.
swin1104_HOLD_COMMON_CLIP_wga,swin_common_clipping,final_validation_WGA,93/133,accuracy,k=1000; min over four groups,recorded_group_counts,results/selected/swin_1104_validation_counts.csv,e56d94054fe1d73b0dbc9327b2f09efa899edba399c82067f1cc2d78d9974dd4,SAVED_DATA_REAGGREGATED,Same dataset; two fixed training seeds; no population significance/equivalence or speedup claim.
swin1104_HOLD_COMMON_CLIP_frequency,swin_common_clipping,final_validation_frequency_accuracy,1038/1199,accuracy,observed validation group frequencies,recorded_group_counts,results/selected/swin_1104_validation_counts.csv,e56d94054fe1d73b0dbc9327b2f09efa899edba399c82067f1cc2d78d9974dd4,SAVED_DATA_REAGGREGATED,Same dataset; two fixed training seeds; no population significance/equivalence or speedup claim.
swin1104_NATIVE_COMMON_CLIP_wga,swin_common_clipping,final_validation_WGA,87/133,accuracy,k=1000; min over four groups,recorded_group_counts,results/selected/swin_1104_validation_counts.csv,e56d94054fe1d73b0dbc9327b2f09efa899edba399c82067f1cc2d78d9974dd4,SAVED_DATA_REAGGREGATED,Same dataset; two fixed training seeds; no population significance/equivalence or speedup claim.
swin1104_NATIVE_COMMON_CLIP_frequency,swin_common_clipping,final_validation_frequency_accuracy,98/109,accuracy,observed validation group frequencies,recorded_group_counts,results/selected/swin_1104_validation_counts.csv,e56d94054fe1d73b0dbc9327b2f09efa899edba399c82067f1cc2d78d9974dd4,SAVED_DATA_REAGGREGATED,Same dataset; two fixed training seeds; no population significance/equivalence or speedup claim.
pilot1101_BALANCED_REFERENCE_wga,swin_pilot,final_validation_WGA,12/19,accuracy,k=1000; original clipping policies,recorded_group_counts,results/selected/swin_pilot_validation_groups.csv,50fa72f6f0dc96a0096cd910e3aefd6c7301564b6df4dcad4bb14e2ef5e530ca,SAVED_DATA_REAGGREGATED,Same dataset; two fixed training seeds; no population significance/equivalence or speedup claim.
pilot1101_HOLD_wga,swin_pilot,final_validation_WGA,67/133,accuracy,k=1000; original clipping policies,recorded_group_counts,results/selected/swin_pilot_validation_groups.csv,50fa72f6f0dc96a0096cd910e3aefd6c7301564b6df4dcad4bb14e2ef5e530ca,SAVED_DATA_REAGGREGATED,Same dataset; two fixed training seeds; no population significance/equivalence or speedup claim.
pilot1101_NATIVE_wga,swin_pilot,final_validation_WGA,101/133,accuracy,k=1000; original clipping policies,recorded_group_counts,results/selected/swin_pilot_validation_groups.csv,50fa72f6f0dc96a0096cd910e3aefd6c7301564b6df4dcad4bb14e2ef5e530ca,SAVED_DATA_REAGGREGATED,Same dataset; two fixed training seeds; no population significance/equivalence or speedup claim.
pilot1101_delta,swin_pilot,Delta_H_validation_CE,0.058145459399126631,nat,full-horizon trapezoid; two hard groups equally weighted,recorded_group_CE,results/selected/swin_pilot_validation_groups.csv,50fa72f6f0dc96a0096cd910e3aefd6c7301564b6df4dcad4bb14e2ef5e530ca,SAVED_DATA_REAGGREGATED,Same dataset; two fixed training seeds; no population significance/equivalence or speedup claim.
pilot1102_BALANCED_REFERENCE_wga,swin_pilot,final_validation_WGA,171/233,accuracy,k=1000; original clipping policies,recorded_group_counts,results/selected/swin_pilot_validation_groups.csv,50fa72f6f0dc96a0096cd910e3aefd6c7301564b6df4dcad4bb14e2ef5e530ca,SAVED_DATA_REAGGREGATED,Same dataset; two fixed training seeds; no population significance/equivalence or speedup claim.
pilot1102_HOLD_wga,swin_pilot,final_validation_WGA,88/133,accuracy,k=1000; original clipping policies,recorded_group_counts,results/selected/swin_pilot_validation_groups.csv,50fa72f6f0dc96a0096cd910e3aefd6c7301564b6df4dcad4bb14e2ef5e530ca,SAVED_DATA_REAGGREGATED,Same dataset; two fixed training seeds; no population significance/equivalence or speedup claim.
pilot1102_NATIVE_wga,swin_pilot,final_validation_WGA,92/133,accuracy,k=1000; original clipping policies,recorded_group_counts,results/selected/swin_pilot_validation_groups.csv,50fa72f6f0dc96a0096cd910e3aefd6c7301564b6df4dcad4bb14e2ef5e530ca,SAVED_DATA_REAGGREGATED,Same dataset; two fixed training seeds; no population significance/equivalence or speedup claim.
pilot1102_delta,swin_pilot,Delta_H_validation_CE,0.46977471793722048,nat,full-horizon trapezoid; two hard groups equally weighted,recorded_group_CE,results/selected/swin_pilot_validation_groups.csv,50fa72f6f0dc96a0096cd910e3aefd6c7301564b6df4dcad4bb14e2ef5e530ca,SAVED_DATA_REAGGREGATED,Same dataset; two fixed training seeds; no population significance/equivalence or speedup claim.
qwen13_DEV_EO_EM,qwen_evidence,EM_count,105,count out of 128,historical split; aggregate-only,stored_aggregate,results/selected/qwen_evidence_counts.csv,f13d4139d83c1588de1452638f9d2f6d62702840469d3116cd75c7db27d16943,SAVED_DATA_REAGGREGATED,Previously observed inputs; public aggregate-only; not raw text/token scoring or native attention mechanism.
qwen13_DEV_EO_decoy,qwen_evidence,decoy_count,0,count out of 128,historical split; aggregate-only,stored_aggregate,results/selected/qwen_evidence_counts.csv,f13d4139d83c1588de1452638f9d2f6d62702840469d3116cd75c7db27d16943,SAVED_DATA_REAGGREGATED,Previously observed inputs; public aggregate-only; not raw text/token scoring or native attention mechanism.
qwen13_DEV_N_EM,qwen_evidence,EM_count,91,count out of 128,historical split; aggregate-only,stored_aggregate,results/selected/qwen_evidence_counts.csv,f13d4139d83c1588de1452638f9d2f6d62702840469d3116cd75c7db27d16943,SAVED_DATA_REAGGREGATED,Previously observed inputs; public aggregate-only; not raw text/token scoring or native attention mechanism.
qwen13_DEV_N_decoy,qwen_evidence,decoy_count,3,count out of 128,historical split; aggregate-only,stored_aggregate,results/selected/qwen_evidence_counts.csv,f13d4139d83c1588de1452638f9d2f6d62702840469d3116cd75c7db27d16943,SAVED_DATA_REAGGREGATED,Previously observed inputs; public aggregate-only; not raw text/token scoring or native attention mechanism.
qwen13_DEV_C_EM,qwen_evidence,EM_count,87,count out of 128,historical split; aggregate-only,stored_aggregate,results/selected/qwen_evidence_counts.csv,f13d4139d83c1588de1452638f9d2f6d62702840469d3116cd75c7db27d16943,SAVED_DATA_REAGGREGATED,Previously observed inputs; public aggregate-only; not raw text/token scoring or native attention mechanism.
qwen13_DEV_C_decoy,qwen_evidence,decoy_count,10,count out of 128,historical split; aggregate-only,stored_aggregate,results/selected/qwen_evidence_counts.csv,f13d4139d83c1588de1452638f9d2f6d62702840469d3116cd75c7db27d16943,SAVED_DATA_REAGGREGATED,Previously observed inputs; public aggregate-only; not raw text/token scoring or native attention mechanism.
qwen13_DEV_QO_EM,qwen_evidence,EM_count,0,count out of 128,historical split; aggregate-only,stored_aggregate,results/selected/qwen_evidence_counts.csv,f13d4139d83c1588de1452638f9d2f6d62702840469d3116cd75c7db27d16943,SAVED_DATA_REAGGREGATED,Previously observed inputs; public aggregate-only; not raw text/token scoring or native attention mechanism.
qwen13_DEV_QO_decoy,qwen_evidence,decoy_count,0,count out of 128,historical split; aggregate-only,stored_aggregate,results/selected/qwen_evidence_counts.csv,f13d4139d83c1588de1452638f9d2f6d62702840469d3116cd75c7db27d16943,SAVED_DATA_REAGGREGATED,Previously observed inputs; public aggregate-only; not raw text/token scoring or native attention mechanism.
qwen13_DEV_CF_EM,qwen_evidence,EM_count,101,count out of 128,historical split; aggregate-only,stored_aggregate,results/selected/qwen_evidence_counts.csv,f13d4139d83c1588de1452638f9d2f6d62702840469d3116cd75c7db27d16943,SAVED_DATA_REAGGREGATED,Previously observed inputs; public aggregate-only; not raw text/token scoring or native attention mechanism.
qwen13_DEV_CF_decoy,qwen_evidence,decoy_count,0,count out of 128,historical split; aggregate-only,stored_aggregate,results/selected/qwen_evidence_counts.csv,f13d4139d83c1588de1452638f9d2f6d62702840469d3116cd75c7db27d16943,SAVED_DATA_REAGGREGATED,Previously observed inputs; public aggregate-only; not raw text/token scoring or native attention mechanism.
qwen13_DEV_delta,qwen_evidence,C_minus_N_decoy_rate,7/128,rate,128 unique questions; five paired variants,stored_aggregate,results/selected/qwen_evidence_counts.csv,f13d4139d83c1588de1452638f9d2f6d62702840469d3116cd75c7db27d16943,SAVED_DATA_REAGGREGATED,Previously observed inputs; public aggregate-only; not raw text/token scoring or native attention mechanism.
qwen13_HELDOUT_EO_EM,qwen_evidence,EM_count,108,count out of 128,historical split; aggregate-only,stored_aggregate,results/selected/qwen_evidence_counts.csv,f13d4139d83c1588de1452638f9d2f6d62702840469d3116cd75c7db27d16943,SAVED_DATA_REAGGREGATED,Previously observed inputs; public aggregate-only; not raw text/token scoring or native attention mechanism.
qwen13_HELDOUT_EO_decoy,qwen_evidence,decoy_count,0,count out of 128,historical split; aggregate-only,stored_aggregate,results/selected/qwen_evidence_counts.csv,f13d4139d83c1588de1452638f9d2f6d62702840469d3116cd75c7db27d16943,SAVED_DATA_REAGGREGATED,Previously observed inputs; public aggregate-only; not raw text/token scoring or native attention mechanism.
qwen13_HELDOUT_N_EM,qwen_evidence,EM_count,93,count out of 128,historical split; aggregate-only,stored_aggregate,results/selected/qwen_evidence_counts.csv,f13d4139d83c1588de1452638f9d2f6d62702840469d3116cd75c7db27d16943,SAVED_DATA_REAGGREGATED,Previously observed inputs; public aggregate-only; not raw text/token scoring or native attention mechanism.
qwen13_HELDOUT_N_decoy,qwen_evidence,decoy_count,10,count out of 128,historical split; aggregate-only,stored_aggregate,results/selected/qwen_evidence_counts.csv,f13d4139d83c1588de1452638f9d2f6d62702840469d3116cd75c7db27d16943,SAVED_DATA_REAGGREGATED,Previously observed inputs; public aggregate-only; not raw text/token scoring or native attention mechanism.
qwen13_HELDOUT_C_EM,qwen_evidence,EM_count,83,count out of 128,historical split; aggregate-only,stored_aggregate,results/selected/qwen_evidence_counts.csv,f13d4139d83c1588de1452638f9d2f6d62702840469d3116cd75c7db27d16943,SAVED_DATA_REAGGREGATED,Previously observed inputs; public aggregate-only; not raw text/token scoring or native attention mechanism.
qwen13_HELDOUT_C_decoy,qwen_evidence,decoy_count,22,count out of 128,historical split; aggregate-only,stored_aggregate,results/selected/qwen_evidence_counts.csv,f13d4139d83c1588de1452638f9d2f6d62702840469d3116cd75c7db27d16943,SAVED_DATA_REAGGREGATED,Previously observed inputs; public aggregate-only; not raw text/token scoring or native attention mechanism.
qwen13_HELDOUT_QO_EM,qwen_evidence,EM_count,0,count out of 128,historical split; aggregate-only,stored_aggregate,results/selected/qwen_evidence_counts.csv,f13d4139d83c1588de1452638f9d2f6d62702840469d3116cd75c7db27d16943,SAVED_DATA_REAGGREGATED,Previously observed inputs; public aggregate-only; not raw text/token scoring or native attention mechanism.
qwen13_HELDOUT_QO_decoy,qwen_evidence,decoy_count,0,count out of 128,historical split; aggregate-only,stored_aggregate,results/selected/qwen_evidence_counts.csv,f13d4139d83c1588de1452638f9d2f6d62702840469d3116cd75c7db27d16943,SAVED_DATA_REAGGREGATED,Previously observed inputs; public aggregate-only; not raw text/token scoring or native attention mechanism.
qwen13_HELDOUT_CF_EM,qwen_evidence,EM_count,107,count out of 128,historical split; aggregate-only,stored_aggregate,results/selected/qwen_evidence_counts.csv,f13d4139d83c1588de1452638f9d2f6d62702840469d3116cd75c7db27d16943,SAVED_DATA_REAGGREGATED,Previously observed inputs; public aggregate-only; not raw text/token scoring or native attention mechanism.
qwen13_HELDOUT_CF_decoy,qwen_evidence,decoy_count,0,count out of 128,historical split; aggregate-only,stored_aggregate,results/selected/qwen_evidence_counts.csv,f13d4139d83c1588de1452638f9d2f6d62702840469d3116cd75c7db27d16943,SAVED_DATA_REAGGREGATED,Previously observed inputs; public aggregate-only; not raw text/token scoring or native attention mechanism.
qwen13_HELDOUT_delta,qwen_evidence,C_minus_N_decoy_rate,3/32,rate,128 unique questions; five paired variants,stored_aggregate,results/selected/qwen_evidence_counts.csv,f13d4139d83c1588de1452638f9d2f6d62702840469d3116cd75c7db27d16943,SAVED_DATA_REAGGREGATED,Previously observed inputs; public aggregate-only; not raw text/token scoring or native attention mechanism.
qwen14_DEV_1_D,qwen_layer0,C_minus_N_decoy_rate,7/128,rate,r multiplies scores; gains multiply by sqrt(r); reused split,stored_aggregate,results/selected/qwen_layer0_counts.csv,86ad7aeda4a5210856b526e490fe99f95dc7324de2502ddd5ba923254014ab7b,SAVED_DATA_REAGGREGATED,Previously observed inputs; public aggregate-only; not raw text/token scoring or native attention mechanism.
qwen14_DEV_4/5_D,qwen_layer0,C_minus_N_decoy_rate,7/128,rate,r multiplies scores; gains multiply by sqrt(r); reused split,stored_aggregate,results/selected/qwen_layer0_counts.csv,86ad7aeda4a5210856b526e490fe99f95dc7324de2502ddd5ba923254014ab7b,SAVED_DATA_REAGGREGATED,Previously observed inputs; public aggregate-only; not raw text/token scoring or native attention mechanism.
qwen14_DEV_5/4_D,qwen_layer0,C_minus_N_decoy_rate,9/128,rate,r multiplies scores; gains multiply by sqrt(r); reused split,stored_aggregate,results/selected/qwen_layer0_counts.csv,86ad7aeda4a5210856b526e490fe99f95dc7324de2502ddd5ba923254014ab7b,SAVED_DATA_REAGGREGATED,Previously observed inputs; public aggregate-only; not raw text/token scoring or native attention mechanism.
qwen14_DEV_P14,qwen_layer0,P14_BASE_minus_LOW_contrast,0,rate,reused HELDOUT is primary; DEV auxiliary,stored_aggregate,results/selected/qwen_layer0_counts.csv,86ad7aeda4a5210856b526e490fe99f95dc7324de2502ddd5ba923254014ab7b,SAVED_DATA_REAGGREGATED,Previously observed inputs; public aggregate-only; not raw text/token scoring or native attention mechanism.
qwen14_HELDOUT_1_D,qwen_layer0,C_minus_N_decoy_rate,3/32,rate,r multiplies scores; gains multiply by sqrt(r); reused split,stored_aggregate,results/selected/qwen_layer0_counts.csv,86ad7aeda4a5210856b526e490fe99f95dc7324de2502ddd5ba923254014ab7b,SAVED_DATA_REAGGREGATED,Previously observed inputs; public aggregate-only; not raw text/token scoring or native attention mechanism.
qwen14_HELDOUT_4/5_D,qwen_layer0,C_minus_N_decoy_rate,13/128,rate,r multiplies scores; gains multiply by sqrt(r); reused split,stored_aggregate,results/selected/qwen_layer0_counts.csv,86ad7aeda4a5210856b526e490fe99f95dc7324de2502ddd5ba923254014ab7b,SAVED_DATA_REAGGREGATED,Previously observed inputs; public aggregate-only; not raw text/token scoring or native attention mechanism.
qwen14_HELDOUT_5/4_D,qwen_layer0,C_minus_N_decoy_rate,3/32,rate,r multiplies scores; gains multiply by sqrt(r); reused split,stored_aggregate,results/selected/qwen_layer0_counts.csv,86ad7aeda4a5210856b526e490fe99f95dc7324de2502ddd5ba923254014ab7b,SAVED_DATA_REAGGREGATED,Previously observed inputs; public aggregate-only; not raw text/token scoring or native attention mechanism.
qwen14_HELDOUT_P14,qwen_layer0,P14_BASE_minus_LOW_contrast,-1/128,rate,reused HELDOUT is primary; DEV auxiliary,stored_aggregate,results/selected/qwen_layer0_counts.csv,86ad7aeda4a5210856b526e490fe99f95dc7324de2502ddd5ba923254014ab7b,SAVED_DATA_REAGGREGATED,Previously observed inputs; public aggregate-only; not raw text/token scoring or native attention mechanism.
qwen15_DEV_EO_slope,qwen_radial,answer_loss_directional_derivative,-2.1047816458385125,nat/answer-token per unit t,one DEV-N-selected direction; no training trajectory,stored_layer_contributions,results/selected/qwen_radial_layer_contributions.csv,8ad9f4da733a8317cde8adc79e36bac64448e27f66600e4ded333000fec74a01,SAVED_DATA_REAGGREGATED,Previously observed inputs; public aggregate-only; not raw text/token scoring or native attention mechanism.
qwen15_DEV_N_slope,qwen_radial,answer_loss_directional_derivative,-3.2773209985784288,nat/answer-token per unit t,one DEV-N-selected direction; no training trajectory,stored_layer_contributions,results/selected/qwen_radial_layer_contributions.csv,8ad9f4da733a8317cde8adc79e36bac64448e27f66600e4ded333000fec74a01,SAVED_DATA_REAGGREGATED,Previously observed inputs; public aggregate-only; not raw text/token scoring or native attention mechanism.
qwen15_DEV_C_slope,qwen_radial,answer_loss_directional_derivative,-3.2477023434841592,nat/answer-token per unit t,one DEV-N-selected direction; no training trajectory,stored_layer_contributions,results/selected/qwen_radial_layer_contributions.csv,8ad9f4da733a8317cde8adc79e36bac64448e27f66600e4ded333000fec74a01,SAVED_DATA_REAGGREGATED,Previously observed inputs; public aggregate-only; not raw text/token scoring or native attention mechanism.
qwen15_DEV_CF_slope,qwen_radial,answer_loss_directional_derivative,-1.8378774345166609,nat/answer-token per unit t,one DEV-N-selected direction; no training trajectory,stored_layer_contributions,results/selected/qwen_radial_layer_contributions.csv,8ad9f4da733a8317cde8adc79e36bac64448e27f66600e4ded333000fec74a01,SAVED_DATA_REAGGREGATED,Previously observed inputs; public aggregate-only; not raw text/token scoring or native attention mechanism.
qwen15_HELDOUT_EO_slope,qwen_radial,answer_loss_directional_derivative,-1.6070578359911036,nat/answer-token per unit t,one DEV-N-selected direction; no training trajectory,stored_layer_contributions,results/selected/qwen_radial_layer_contributions.csv,8ad9f4da733a8317cde8adc79e36bac64448e27f66600e4ded333000fec74a01,SAVED_DATA_REAGGREGATED,Previously observed inputs; public aggregate-only; not raw text/token scoring or native attention mechanism.
qwen15_HELDOUT_N_slope,qwen_radial,answer_loss_directional_derivative,-2.4693638985164537,nat/answer-token per unit t,one DEV-N-selected direction; no training trajectory,stored_layer_contributions,results/selected/qwen_radial_layer_contributions.csv,8ad9f4da733a8317cde8adc79e36bac64448e27f66600e4ded333000fec74a01,SAVED_DATA_REAGGREGATED,Previously observed inputs; public aggregate-only; not raw text/token scoring or native attention mechanism.
qwen15_HELDOUT_C_slope,qwen_radial,answer_loss_directional_derivative,-2.9781700503494144,nat/answer-token per unit t,one DEV-N-selected direction; no training trajectory,stored_layer_contributions,results/selected/qwen_radial_layer_contributions.csv,8ad9f4da733a8317cde8adc79e36bac64448e27f66600e4ded333000fec74a01,SAVED_DATA_REAGGREGATED,Previously observed inputs; public aggregate-only; not raw text/token scoring or native attention mechanism.
qwen15_HELDOUT_CF_slope,qwen_radial,answer_loss_directional_derivative,-1.1332211102171366,nat/answer-token per unit t,one DEV-N-selected direction; no training trajectory,stored_layer_contributions,results/selected/qwen_radial_layer_contributions.csv,8ad9f4da733a8317cde8adc79e36bac64448e27f66600e4ded333000fec74a01,SAVED_DATA_REAGGREGATED,Previously observed inputs; public aggregate-only; not raw text/token scoring or native attention mechanism.
controlled_COMPLETE_EVENT,controlled_loss_coordinate,COMPLETE_EVENT,42,cells out of 54,three losses x two coordinates x nine rates,stored_aggregate,results/selected/controlled_loss_coordinate_cells.csv,bb31ba25764d3c5e973bfbbc29414ef932755664edbd7f3d3e4c74b7feb72f7f,SAVED_DATA_REAGGREGATED,Conditional to saved records; no new training or causal confirmation.
controlled_RIGHT_CENSORED_PHYSICAL_HORIZON,controlled_loss_coordinate,RIGHT_CENSORED_PHYSICAL_HORIZON,12,cells out of 54,three losses x two coordinates x nine rates,stored_aggregate,results/selected/controlled_loss_coordinate_cells.csv,bb31ba25764d3c5e973bfbbc29414ef932755664edbd7f3d3e4c74b7feb72f7f,SAVED_DATA_REAGGREGATED,Conditional to saved records; no new training or causal confirmation.
STRONG_H3_TRAIN_VO_FIXED_SLOW_L1,attention_vo,final_group_MSE,1.5264141289464142e-05,MSE,tau=40; fixed paths reused across two rho labels,saved_synthetic_state,results/selected/states/STRONG_H3_TRAIN_VO_FIXED_SLOW_grid.npz,72b1f621f613008beba86597623a9f73bf61a3b500f60fc7d6915f2f6bc1ce0d,SAVED_DATA_REAGGREGATED,Conditional to saved records; no new training or causal confirmation.
STRONG_H3_TRAIN_VO_FIXED_SLOW_L2,attention_vo,final_group_MSE,0.0048373667659173634,MSE,tau=40; fixed paths reused across two rho labels,saved_synthetic_state,results/selected/states/STRONG_H3_TRAIN_VO_FIXED_SLOW_grid.npz,72b1f621f613008beba86597623a9f73bf61a3b500f60fc7d6915f2f6bc1ce0d,SAVED_DATA_REAGGREGATED,Conditional to saved records; no new training or causal confirmation.
STRONG_H3_TRAIN_VO_JOINT_0.003_L1,attention_vo,final_group_MSE,0.0038081163046484673,MSE,tau=40; fixed paths reused across two rho labels,saved_synthetic_state,results/selected/states/STRONG_H3_TRAIN_VO_JOINT_0.003_grid.npz,7260d34f252c74910e1277d18a6d8729de5c262e29fc011b0b8134c27b9f8248,SAVED_DATA_REAGGREGATED,Conditional to saved records; no new training or causal confirmation.
STRONG_H3_TRAIN_VO_JOINT_0.003_L2,attention_vo,final_group_MSE,1.8474173534499387,MSE,tau=40; fixed paths reused across two rho labels,saved_synthetic_state,results/selected/states/STRONG_H3_TRAIN_VO_JOINT_0.003_grid.npz,7260d34f252c74910e1277d18a6d8729de5c262e29fc011b0b8134c27b9f8248,SAVED_DATA_REAGGREGATED,Conditional to saved records; no new training or causal confirmation.
STRONG_H3_TRAIN_VO_JOINT_0.1_L1,attention_vo,final_group_MSE,1.6431846668386516e-05,MSE,tau=40; fixed paths reused across two rho labels,saved_synthetic_state,results/selected/states/STRONG_H3_TRAIN_VO_JOINT_0.1_grid.npz,dc1a017a31c937b147225c06bcb98d65e5c45bb3f2d9337530efef8ec424ecad,SAVED_DATA_REAGGREGATED,Conditional to saved records; no new training or causal confirmation.
STRONG_H3_TRAIN_VO_JOINT_0.1_L2,attention_vo,final_group_MSE,0.0044366971333190258,MSE,tau=40; fixed paths reused across two rho labels,saved_synthetic_state,results/selected/states/STRONG_H3_TRAIN_VO_JOINT_0.1_grid.npz,dc1a017a31c937b147225c06bcb98d65e5c45bb3f2d9337530efef8ec424ecad,SAVED_DATA_REAGGREGATED,Conditional to saved records; no new training or causal confirmation.
WEAK_H3_TRAIN_VO_FIXED_SLOW_L1,attention_vo,final_group_MSE,1.5822016289564694e-06,MSE,tau=40; fixed paths reused across two rho labels,saved_synthetic_state,results/selected/states/WEAK_H3_TRAIN_VO_FIXED_SLOW_grid.npz,88c264043307a85754c866ed26cccc6c7ccdc6f0c6dc3b6615f9c68c2c9dadf5,SAVED_DATA_REAGGREGATED,Conditional to saved records; no new training or causal confirmation.
WEAK_H3_TRAIN_VO_FIXED_SLOW_L2,attention_vo,final_group_MSE,0.00062753524635738808,MSE,tau=40; fixed paths reused across two rho labels,saved_synthetic_state,results/selected/states/WEAK_H3_TRAIN_VO_FIXED_SLOW_grid.npz,88c264043307a85754c866ed26cccc6c7ccdc6f0c6dc3b6615f9c68c2c9dadf5,SAVED_DATA_REAGGREGATED,Conditional to saved records; no new training or causal confirmation.
WEAK_H3_TRAIN_VO_JOINT_0.003_L1,attention_vo,final_group_MSE,3.985669855237773e-07,MSE,tau=40; fixed paths reused across two rho labels,saved_synthetic_state,results/selected/states/WEAK_H3_TRAIN_VO_JOINT_0.003_grid.npz,cb223210024b54a19e6dc0a70c5993d04c5ce6f555da3a89a52648b8efa9f2e9,SAVED_DATA_REAGGREGATED,Conditional to saved records; no new training or causal confirmation.
WEAK_H3_TRAIN_VO_JOINT_0.003_L2,attention_vo,final_group_MSE,0.00013660670339652505,MSE,tau=40; fixed paths reused across two rho labels,saved_synthetic_state,results/selected/states/WEAK_H3_TRAIN_VO_JOINT_0.003_grid.npz,cb223210024b54a19e6dc0a70c5993d04c5ce6f555da3a89a52648b8efa9f2e9,SAVED_DATA_REAGGREGATED,Conditional to saved records; no new training or causal confirmation.
WEAK_H3_TRAIN_VO_JOINT_0.1_L1,attention_vo,final_group_MSE,1.0629702122765399e-06,MSE,tau=40; fixed paths reused across two rho labels,saved_synthetic_state,results/selected/states/WEAK_H3_TRAIN_VO_JOINT_0.1_grid.npz,b0032a3cc33b94d60bc93a82b832cf0c8daf942e93fd7b8ecfd34aed68f33388,SAVED_DATA_REAGGREGATED,Conditional to saved records; no new training or causal confirmation.
WEAK_H3_TRAIN_VO_JOINT_0.1_L2,attention_vo,final_group_MSE,0.00042542509388013132,MSE,tau=40; fixed paths reused across two rho labels,saved_synthetic_state,results/selected/states/WEAK_H3_TRAIN_VO_JOINT_0.1_grid.npz,b0032a3cc33b94d60bc93a82b832cf0c8daf942e93fd7b8ecfd34aed68f33388,SAVED_DATA_REAGGREGATED,Conditional to saved records; no new training or causal confirmation.
P17,attention_vo,P17_wrong_rank_low_both_occupation,0,fraction of slow-time horizon,401 nodes; continuous absence not certified,saved_synthetic_state,results/selected/states/STRONG_H3_TRAIN_VO_JOINT_0.003_grid.npz,7260d34f252c74910e1277d18a6d8729de5c262e29fc011b0b8134c27b9f8248,SAVED_DATA_REAGGREGATED,Conditional to saved records; no new training or causal confirmation.
readout_norm_lower,readout_posthoc,target_norm_lower_recorded,2964.6838300406789,L2 coefficient norm,fixed attention; both group MSE<=.1; old solver not rerun,recorded_static_bracket,results/selected/readout_target_norm_records.csv,b4d79b24f54bd38308964e911bcc786e191d5d9df0992e75fe2df058565fc0db,READ,"Historical fixed-attention numerical bracket; solver not rerun, not a formal certificate or learning-time bound."
readout_norm_upper,readout_posthoc,target_norm_upper_witness,2964.6838404660793,L2 coefficient norm,"original feasible coefficient evaluated only, not fitted",saved_static_witness,results/selected/readout_target_norm_records.csv,b4d79b24f54bd38308964e911bcc786e191d5d9df0992e75fe2df058565fc0db,SAVED_DATA_REAGGREGATED,"Original fixed-attention coefficient evaluated, not injected into learned weights or optimized again."
readout_norm_actual,readout_posthoc,actual_coefficient_norm,0.99216522577302779,L2 coefficient norm,tau=40; factorized V/O,saved_synthetic_state,results/selected/states/STRONG_H3_TRAIN_VO_JOINT_0.003_grid.npz,7260d34f252c74910e1277d18a6d8729de5c262e29fc011b0b8134c27b9f8248,SAVED_DATA_REAGGREGATED,Conditional to saved records; no new training or causal confirmation.
readout_LS_norm,readout_posthoc,weighted_LS_coefficient_norm,4342.6832919876251,L2 coefficient norm,unconstrained weighted LS; different from .1-per-group target,saved_synthetic_state,results/selected/states/STRONG_H3_TRAIN_VO_JOINT_0.003_grid.npz,7260d34f252c74910e1277d18a6d8729de5c262e29fc011b0b8134c27b9f8248,SAVED_DATA_REAGGREGATED,Conditional to saved records; no new training or causal confirmation.
small_singular_energy_share,readout_posthoc,instantaneous_residual_small_resolved_subspace_fraction,0.99997769258446134,fraction,instantaneous residual share; not causal failure attribution,saved_synthetic_state,results/selected/states/STRONG_H3_TRAIN_VO_JOINT_0.003_grid.npz,7260d34f252c74910e1277d18a6d8729de5c262e29fc011b0b8134c27b9f8248,SAVED_DATA_REAGGREGATED,"Instantaneous residual subspace share, not causal attribution of failure."
readout_Jdot_VO,readout_posthoc,weighted_Jdot_VO,-1.0237264425286602e-06,MSE per unit slow tau,instantaneous formula; no numerical integration,saved_synthetic_state,results/selected/states/STRONG_H3_TRAIN_VO_JOINT_0.003_grid.npz,7260d34f252c74910e1277d18a6d8729de5c262e29fc011b0b8134c27b9f8248,SAVED_DATA_REAGGREGATED,Conditional to saved records; no new training or causal confirmation.
unresolved_quadratures,readout_posthoc,INTEGRAL_UNRESOLVED,18,records out of 18,historical .1/.2-grid checks; no attempt to resolve,stored_aggregate,results/selected/readout_quadrature_unresolved.csv,73057ecf5fb05602de404c4f1fe440582898cbe0c5e2338e310181e03395620c,READ,All 18 historical cumulative decompositions unresolved; no new resolution or integration attempted.
restricted_sharp_GF,restricted_theory,sqrt(rho) log(1+T0) -> c(initialization),preserved,log-time coefficient,"Explicit closed initialization box, fixed keys/readout, direct beta, Copy-MSE",existing_proof,manuscript/supplement/PROOF_SUPPLEMENT_EN.tex,e88e14bd6f1b6b3a3e2b6d7639d3fa143b31e2e065d4536a205adc94be3f229f,READ,"No new proof audit, arbitrary-query theorem, or formal verification."
restricted_GD_scopes,restricted_theory,two exact-real finite-budget regimes,preserved,finite-budget statement,Small rho interval and single fixed anchor are distinct,existing_proof,manuscript/supplement/PROOF_SUPPLEMENT_EN.tex,e88e14bd6f1b6b3a3e2b6d7639d3fa143b31e2e065d4536a205adc94be3f229f,READ,Not a sharp exponential-time GD theorem or float-history certificate.
initial_recall_gate,initial_recall,original_full_G0_passed,false,status,Initial E05/D5 task feasibility not established,report_only,manuscript/supplement/PROOF_SUPPLEMENT_EN.md,2a99df95e0b21982790c3edc2c3abd278652437a4e4e6d890e9f0df498d8afac,READ,Old full trajectories not reaggregated here; no retrieval impossibility conclusion.
native_transfer,native_models,general scale-mediated mechanism and repeatable practical benefit,UNESTABLISHED,status,Tested Swin/Qwen settings only,cross_experiment_interpretation,docs/SCOPE_AND_LIMITATIONS.md,,READ,Neither all-model impossibility nor universal confirmation.
research_closure,closeout,research_status,CLOSED,status,Ended after STEP18; no repository API archive operation,user_decision,STATUS.md,,READ,No scheduled follow-up experiment.
